Illustration's ID,Illustration's name,Asset,Asset's file name,ART DIRECTOR,SKETCH & COMPOSITION,ARTISTS,IP
ðŸ¤‘ Client/ Set 01 - ðŸŒŸ Released: AFFECTIONATE PORO,AFFECTIONATE PORO,AFFECTIONATE-PORO.jpg (https://dl.airtable.com/.attachments/7cd16c2f5de1b99287c03ad6cbf54674/0fbc0268/AFFECTIONATE-PORO.jpg),AFFECTIONATE-PORO.jpg ,Jelena Kevic-Djurdjevic,Claudiu-Antoniu Magherusan,"Maki Planas Mata,Hugo Lam,Alessandro Poli",Legends of Runeterra
ðŸ¤‘ Client/ Set 01 - ðŸŒŸ Released: AIRBORN ADVENTURER,AIRBORN ADVENTURER,AIRBORN-ADVENTURER.jpg (https://dl.airtable.com/.attachments/b51b1789b28d8594331d9523e036a045/d853e3b6/AIRBORN-ADVENTURER.jpg),AIRBORN-ADVENTURER.jpg ,Jelena Kevic-Djurdjevic,Claudiu-Antoniu Magherusan,Claudiu-Antoniu Magherusan,Legends of Runeterra
ðŸ¤‘ Client/ Set 01 - ðŸŒŸ Released: ANIVIA LEVEL 01,ANIVIA LEVEL 01,ANIVIA.jpg (https://dl.airtable.com/.attachments/2157096e19cba442b43dcd3ad6116cfb/8a444d22/ANIVIA.jpg),ANIVIA.jpg ,Jelena Kevic-Djurdjevic,Michal Ivan,Michal Ivan,Legends of Runeterra
ðŸ¤‘ Client/ Set 01 - ðŸŒŸ Released: ANIVIA LEVEL 02,ANIVIA LEVEL 02,ANIVIA-L02.jpg (https://dl.airtable.com/.attachments/20202bd8077b39955f23ed9f54100299/f60c5ca3/ANIVIA-L02.jpg),ANIVIA-L02.jpg ,Jelena Kevic-Djurdjevic,Michal Ivan,Michal Ivan,Legends of Runeterra
ðŸ¤‘ Client/ Set 01 - ðŸŒŸ Released: ARACHNOID HORROR ,ARACHNOID HORROR ,ARACHNOID-HORROR.jpg (https://dl.airtable.com/.attachments/5d5205db69c59747a3f278b90fa4ee0b/7de04f88/ARACHNOID-HORROR.jpg),ARACHNOID-HORROR.jpg ,Jelena Kevic-Djurdjevic,Monika Palosz,"Claudiu-Antoniu Magherusan,Gerald Parel",Legends of Runeterra
ðŸ¤‘ Client/ Set 01 - ðŸŒŸ Released: ARACHNOID HOST,ARACHNOID HOST,SPIDER-SWARM.jpg (https://dl.airtable.com/.attachments/a93302d08ce22a8142b0ff43d2e7cad2/6e6aab98/SPIDER-SWARM.jpg),SPIDER-SWARM.jpg ,Jelena Kevic-Djurdjevic,Claudiu-Antoniu Magherusan,"Alessandro Poli,Michal Ivan",Legends of Runeterra
ðŸ¤‘ Client/ Set 01 - ðŸŒŸ Released: ARACHNOID SENTRY,ARACHNOID SENTRY,ARACHNOID-SENTRY.jpg (https://dl.airtable.com/.attachments/c88bf214b8f80a2252e244156055b88a/5a0374bf/ARACHNOID-SENTRY.jpg),ARACHNOID-SENTRY.jpg ,Jelena Kevic-Djurdjevic,Claudiu-Antoniu Magherusan,"HÃ¶gni Jarleivur Mohr,Alessandro Poli",Legends of Runeterra
ðŸ¤‘ Client/ Set 01 - ðŸŒŸ Released: ARENA BATTLECASTER,ARENA BATTLECASTER,BATTLE-CHANTER.jpg (https://dl.airtable.com/.attachments/4c90409b3dca9be07fe20dd4d2be4943/a5df6b8e/BATTLE-CHANTER.jpg),BATTLE-CHANTER.jpg ,Jelena Kevic-Djurdjevic,Gerald Parel,"Michal Ivan,Gerald Parel",Legends of Runeterra
ðŸ¤‘ Client/ Set 01 - ðŸŒŸ Released: ARENA BOOKIE,ARENA BOOKIE,ARENA-BOOKIE.jpg (https://dl.airtable.com/.attachments/b46d06734b3c05656f444a1847c2c12e/3b1bb77c/ARENA-BOOKIE.jpg),ARENA-BOOKIE.jpg ,Jelena Kevic-Djurdjevic,Maki Planas Mata,Maki Planas Mata,Legends of Runeterra
ðŸ¤‘ Client/ Set 01 - ðŸŒŸ Released: ASHE LEVEL 01,ASHE LEVEL 01,ASHE.jpg (https://dl.airtable.com/.attachments/bd81420d84a22901369e1f7e5951d757/eb718881/ASHE.jpg),ASHE.jpg ,Jelena Kevic-Djurdjevic,HÃ¶gni Jarleivur Mohr,"Monika Palosz,HÃ¶gni Jarleivur Mohr",Legends of Runeterra
ðŸ¤‘ Client/ Set 01 - ðŸŒŸ Released: ASHE LEVEL 02,ASHE LEVEL 02,ASHE-L02.jpg (https://dl.airtable.com/.attachments/9218c602e9f3f333ee1957d2ac1bd185/0269c997/ASHE-L02.jpg),ASHE-L02.jpg ,Jelena Kevic-Djurdjevic,Gerald Parel,"Valentin Gloaguen,Alessandro Poli,Gerald Parel",Legends of Runeterra
ðŸ¤‘ Client/ Set 01 - ðŸŒŸ Released: ASSEMBLY BOT,ASSEMBLY BOT,SELF-ASSEMBLING-GOLEM.jpg (https://dl.airtable.com/.attachments/7eae9eeb36059d30d661b65a5e416827/75ed391e/SELF-ASSEMBLING-GOLEM.jpg),SELF-ASSEMBLING-GOLEM.jpg ,Jelena Kevic-Djurdjevic,Marko Djurdjevic,"William Gist,Gerald Parel,Hugo Lam",Legends of Runeterra
ðŸ¤‘ Client/ Set 01 - ðŸŒŸ Released: ASTUTE ACADEMICIAN,ASTUTE ACADEMICIAN,ASTUTE-ACADEMICIAN.jpg (https://dl.airtable.com/.attachments/d8cad54fddd58a4a3f718f387f6b4cf1/6f396025/ASTUTE-ACADEMICIAN.jpg),ASTUTE-ACADEMICIAN.jpg ,Jelena Kevic-Djurdjevic,Maki Planas Mata,"Jelena Kevic-Djurdjevic,Chris Kintner",Legends of Runeterra
ðŸ¤‘ Client/ Set 01 - ðŸŒŸ Released: AVAROSAN HOST,AVAROSAN HOST,AVAROSAN-HOST.jpg (https://dl.airtable.com/.attachments/1178d01c1fd705d452c37f9114b3f983/2553d036/AVAROSAN-HOST.jpg),AVAROSAN-HOST.jpg ,Jelena Kevic-Djurdjevic,Marko Djurdjevic,Claudiu-Antoniu Magherusan,Legends of Runeterra
ðŸ¤‘ Client/ Set 01 - ðŸŒŸ Released: AVAROSAN MARKSMAN,AVAROSAN MARKSMAN,AVAROSAN-MARKSMAN.jpg (https://dl.airtable.com/.attachments/8ecb5c2a5c2f2da3606593f0d3245268/db3c1bf4/AVAROSAN-MARKSMAN.jpg),AVAROSAN-MARKSMAN.jpg ,Jelena Kevic-Djurdjevic,Claudiu-Antoniu Magherusan,"Maki Planas Mata,Claudiu-Antoniu Magherusan",Legends of Runeterra
ðŸ¤‘ Client/ Set 01 - ðŸŒŸ Released: AVAROSAN OUTRIDERS,AVAROSAN OUTRIDERS,ICEVALE-RIDERS.jpg (https://dl.airtable.com/.attachments/74c2d961b6505c33762f762120887bd0/65f36935/ICEVALE-RIDERS.jpg),ICEVALE-RIDERS.jpg ,Jelena Kevic-Djurdjevic,Marko Djurdjevic,"Monika Palosz,Gerald Parel",Legends of Runeterra
ðŸ¤‘ Client/ Set 01 - ðŸŒŸ Released: BABBLING BJERG,BABBLING BJERG,DERANGED-HERMIT.jpg (https://dl.airtable.com/.attachments/5ddf626fde46e7f5ab41fa9b7cf0dffa/0f49ccec/DERANGED-HERMIT.jpg),DERANGED-HERMIT.jpg ,Jelena Kevic-Djurdjevic,Gerald Parel,"Monika Palosz,Gerald Parel",Legends of Runeterra
ðŸ¤‘ Client/ Set 01 - ðŸŒŸ Released: BACK ALLEY BREWER,BACK ALLEY BREWER,BACK-ALLEY-BREWER.jpg (https://dl.airtable.com/.attachments/54028d7c4d79247f8a30c5810c0630ac/2000d100/BACK-ALLEY-BREWER.jpg),BACK-ALLEY-BREWER.jpg ,Jelena Kevic-Djurdjevic,Maki Planas Mata,"Gerald Parel,Chris Kintner,Monika Palosz,Maki Planas Mata",Legends of Runeterra
ðŸ¤‘ Client/ Set 01 - ðŸŒŸ Released: BASILISK RIDER,BASILISK RIDER,BASILISK-RIDER.jpg (https://dl.airtable.com/.attachments/837fa5af7a6e71b50dd1d9b752c6e628/08b1519c/BASILISK-RIDER.jpg),BASILISK-RIDER.jpg ,Jelena Kevic-Djurdjevic,Marko Djurdjevic,Michal Ivan,Legends of Runeterra
ðŸ¤‘ Client/ Set 01 - ðŸŒŸ Released: BATTERING RAM,BATTERING RAM,BATTERING-RAM.jpg (https://dl.airtable.com/.attachments/643b1eb3d4bfcd891c21782d80d51043/1d8ec315/BATTERING-RAM.jpg),BATTERING-RAM.jpg ,Jelena Kevic-Djurdjevic,Claudiu-Antoniu Magherusan,"HÃ¶gni Jarleivur Mohr,Claudiu-Antoniu Magherusan",Legends of Runeterra
ðŸ¤‘ Client/ Set 01 - ðŸŒŸ Released: BATTLESMITH,BATTLESMITH,BATTLESMITH.jpg (https://dl.airtable.com/.attachments/c4413bd3d2bf40660ad18f0edaee9143/8147c061/BATTLESMITH.jpg),BATTLESMITH.jpg ,Jelena Kevic-Djurdjevic,Gerald Parel,Gerald Parel,Legends of Runeterra
ðŸ¤‘ Client/ Set 01 - ðŸŒŸ Released: BRAUM LEVEL 01,BRAUM LEVEL 01,BRAUM.jpg (https://dl.airtable.com/.attachments/a8c232830e8382a904a5237bf40a4e38/97519d8b/BRAUM.jpg),BRAUM.jpg ,Jelena Kevic-Djurdjevic,Gerald Parel,"Marko Djurdjevic,Gerald Parel",Legends of Runeterra
ðŸ¤‘ Client/ Set 01 - ðŸŒŸ Released: BRAUM LEVEL 02,BRAUM LEVEL 02,BRAUM-L02.jpg (https://dl.airtable.com/.attachments/64ae9026539eb2fc77fdea17b96fb21b/b12c9109/BRAUM-L02.jpg),BRAUM-L02.jpg ,Jelena Kevic-Djurdjevic,Gerald Parel,Gerald Parel,Legends of Runeterra
ðŸ¤‘ Client/ Set 01 - ðŸŒŸ Released: CAPTAIN FARRON,CAPTAIN FARRON,CAPTAIN-FARRON.jpg (https://dl.airtable.com/.attachments/ff85bfcbbbd0dd18771b70a56e0bcee8/d2493c21/CAPTAIN-FARRON.jpg),CAPTAIN-FARRON.jpg ,Jelena Kevic-Djurdjevic,Michal Ivan,Michal Ivan,Legends of Runeterra
ðŸ¤‘ Client/ Set 01 - ðŸŒŸ Released: CAREFREE HEXTESTER,CAREFREE HEXTESTER,CAREFREE-HEXTESTER.jpg (https://dl.airtable.com/.attachments/784d4e339309649e5ad5564a7095b435/d2761c99/CAREFREE-HEXTESTER.jpg),CAREFREE-HEXTESTER.jpg ,Jelena Kevic-Djurdjevic,HÃ¶gni Jarleivur Mohr,Claudiu-Antoniu Magherusan,Legends of Runeterra
ðŸ¤‘ Client/ Set 01 - ðŸŒŸ Released: CATACLYSM,CATACLYSM,CATACLYSM.jpg (https://dl.airtable.com/.attachments/d9a47cc81968414fe46c3a0370460bc5/266788b0/CATACLYSM.jpg),CATACLYSM.jpg ,Jelena Kevic-Djurdjevic,Claudiu-Antoniu Magherusan,Claudiu-Antoniu Magherusan,Legends of Runeterra
ðŸ¤‘ Client/ Set 01 - ðŸŒŸ Released: CAUSTIC CASK,CAUSTIC CASK,CAUSTIC-CASK.jpg (https://dl.airtable.com/.attachments/878b7bc9969c0cb10110b836b8bf9de6/5cf177f6/CAUSTIC-CASK.jpg),CAUSTIC-CASK.jpg ,Jelena Kevic-Djurdjevic,Marko Djurdjevic,"Gerald Parel,Valentin Gloaguen,Monika Palosz",Legends of Runeterra
ðŸ¤‘ Client/ Set 01 - ðŸŒŸ Released: CAVALRY,CAVALRY,DEMACIA-TRAINEE.jpg (https://dl.airtable.com/.attachments/22f67758a5c072e61c99509e8ebd8d74/1efbe4c8/DEMACIA-TRAINEE.jpg),DEMACIA-TRAINEE.jpg ,Jelena Kevic-Djurdjevic,Claudiu-Antoniu Magherusan,Claudiu-Antoniu Magherusan,Legends of Runeterra
ðŸ¤‘ Client/ Set 01 - ðŸŒŸ Released: CHEMPUNK SHREDDER,CHEMPUNK SHREDDER,CHEMPUNK-SHREDDER.jpg (https://dl.airtable.com/.attachments/e4cfffc2e1d3ca81de64506f8a82c5ac/794b743c/CHEMPUNK-SHREDDER.jpg),CHEMPUNK-SHREDDER.jpg ,Jelena Kevic-Djurdjevic,Maki Planas Mata,Gerald Parel,Legends of Runeterra
ðŸ¤‘ Client/ Set 01 - ðŸŒŸ Released: CHRONICLER OF RUIN,CHRONICLER OF RUIN,CHRONICLER-OF-RUIN.jpg (https://dl.airtable.com/.attachments/f005c4d806e691106ac51927edb88456/713cc55b/CHRONICLER-OF-RUIN.jpg),CHRONICLER-OF-RUIN.jpg ,Jelena Kevic-Djurdjevic,Claudiu-Antoniu Magherusan,"Jelena Kevic-Djurdjevic,Claudiu-Antoniu Magherusan",Legends of Runeterra
ðŸ¤‘ Client/ Set 01 - ðŸŒŸ Released: CHUMP WHUMP,CHUMP WHUMP,WHUMP-MATRIARCH.jpg (https://dl.airtable.com/.attachments/8216b24323ee2b149f47ca34d7c6eddf/296aedd2/WHUMP-MATRIARCH.jpg),WHUMP-MATRIARCH.jpg ,Jelena Kevic-Djurdjevic,Valentin Gloaguen,Valentin Gloaguen,Legends of Runeterra
ðŸ¤‘ Client/ Set 01 - ðŸŒŸ Released: CITHRIA OF CLOUDFELD,CITHRIA OF CLOUDFELD,CITHRIA-OF-CLOUDFIELD.jpg (https://dl.airtable.com/.attachments/3d47e05971e132a092f119f0193c2659/41d60cce/CITHRIA-OF-CLOUDFIELD.jpg),CITHRIA-OF-CLOUDFIELD.jpg ,Jelena Kevic-Djurdjevic,Claudiu-Antoniu Magherusan,"Chris Kintner,Hugo Lam,Gerald Parel,Claudiu-Antoniu Magherusan",Legends of Runeterra
ðŸ¤‘ Client/ Set 01 - ðŸŒŸ Released: CITHRIA THE BOLD,CITHRIA THE BOLD,CITHRIA-THE-BOLD.jpg (https://dl.airtable.com/.attachments/25f8f9b1c946ec9109f3ba4780a9473c/787ca26a/CITHRIA-THE-BOLD.jpg),CITHRIA-THE-BOLD.jpg ,Jelena Kevic-Djurdjevic,Gerald Parel,"Marko Djurdjevic,Gerald Parel",Legends of Runeterra
ðŸ¤‘ Client/ Set 01 - ðŸŒŸ Released: CLUMP OF WHUMPS,CLUMP OF WHUMPS,MEANDERING-WHUMPS.jpg (https://dl.airtable.com/.attachments/a03baa33439a3ae15d6c8f5c468837b8/c67e1957/MEANDERING-WHUMPS.jpg),MEANDERING-WHUMPS.jpg ,Jelena Kevic-Djurdjevic,Alessandro Poli,"William Gist,Chris Kintner,Alessandro Poli",Legends of Runeterra
ðŸ¤‘ Client/ Set 01 - ðŸŒŸ Released: COMMANDER LEDROS,COMMANDER LEDROS,COMMANDER-LEDROS.jpg (https://dl.airtable.com/.attachments/5d9f93d268417aac592b41a71c819538/3b4c4330/COMMANDER-LEDROS.jpg),COMMANDER-LEDROS.jpg ,Jelena Kevic-Djurdjevic,Michal Ivan,Michal Ivan,Legends of Runeterra
ðŸ¤‘ Client/ Set 01 - ðŸŒŸ Released: CORINA VERAZA,CORINA VERAZA,CORINA-VERAZA.jpg (https://dl.airtable.com/.attachments/1675abcf21ce95f5c331f7cad4fc49c6/10809fb8/CORINA-VERAZA.jpg),CORINA-VERAZA.jpg ,Jelena Kevic-Djurdjevic,Monika Palosz,"Claudiu-Antoniu Magherusan,William Gist,Gerald Parel,Monika Palosz",Legends of Runeterra
ðŸ¤‘ Client/ Set 01 - ðŸŒŸ Released: CRIMSON ARISTOCRAT,CRIMSON ARISTOCRAT,CRIMSON-ARISTOCRAT.jpg (https://dl.airtable.com/.attachments/0b322fc8668ea61c53ce4d86a733a211/3109179d/CRIMSON-ARISTOCRAT.jpg),CRIMSON-ARISTOCRAT.jpg ,Jelena Kevic-Djurdjevic,Gerald Parel,"Michal Ivan,Gerald Parel",Legends of Runeterra
ðŸ¤‘ Client/ Set 01 - ðŸŒŸ Released: CRIMSON CIRCLE,CRIMSON CIRCLE,CRIMSON-CIRCLE.jpg (https://dl.airtable.com/.attachments/96dbbe07aec11e9c03ae5c67b8975007/ee04cd73/CRIMSON-CIRCLE.jpg),CRIMSON-CIRCLE.jpg ,Jelena Kevic-Djurdjevic,Monika Palosz,"Gerald Parel,Monika Palosz",Legends of Runeterra
ðŸ¤‘ Client/ Set 01 - ðŸŒŸ Released: CRIMSON DISCIPLE,CRIMSON DISCIPLE,BLOODLETTER.jpg (https://dl.airtable.com/.attachments/7c6657a7f10e488378d726657e0a3550/119c241a/BLOODLETTER.jpg),BLOODLETTER.jpg ,Jelena Kevic-Djurdjevic,Gerald Parel,"Chris Kintner,Gerald Parel",Legends of Runeterra
ðŸ¤‘ Client/ Set 01 - ðŸŒŸ Released: CRIMSON MALCONTENT,CRIMSON MALCONTENT,CRIMSON-MALCONTENT.jpg (https://dl.airtable.com/.attachments/99c88d8d15b0cbd1660587fa5f2e8e6d/7fb10009/CRIMSON-MALCONTENT.jpg),CRIMSON-MALCONTENT.jpg ,Jelena Kevic-Djurdjevic,Monika Palosz,"Gerald Parel,Monika Palosz",Legends of Runeterra
ðŸ¤‘ Client/ Set 01 - ðŸŒŸ Released: CROWD FAVOURITE,CROWD FAVOURITE,CROWD-FAVORITE.jpg (https://dl.airtable.com/.attachments/713d9f136fae5c636d7fa88dbba458e7/a45955b3/CROWD-FAVORITE.jpg),CROWD-FAVORITE.jpg ,Jelena Kevic-Djurdjevic,Marko Djurdjevic,"Chris Kintner,Gerald Parel",Legends of Runeterra
ðŸ¤‘ Client/ Set 01 - ðŸŒŸ Released: CURSED JAILER,CURSED JAILER,CURSED-JAILER.jpg (https://dl.airtable.com/.attachments/38f46ddfaa55c18ae7e923764cc16ed8/1b596a80/CURSED-JAILER.jpg),CURSED-JAILER.jpg ,Jelena Kevic-Djurdjevic,Alessandro Poli,Alessandro Poli,Legends of Runeterra
ðŸ¤‘ Client/ Set 01 - ðŸŒŸ Released: DARING PORO,DARING PORO,DARING-PORO.jpg (https://dl.airtable.com/.attachments/aed26911cdde2d7d282fb209692605b6/37995a13/DARING-PORO.jpg),DARING-PORO.jpg ,Jelena Kevic-Djurdjevic,Gerald Parel,"William Gist,Chris Kintner",Legends of Runeterra
ðŸ¤‘ Client/ Set 01 - ðŸŒŸ Released: DARIUS LEVEL 01,DARIUS LEVEL 01,DARIUS.jpg (https://dl.airtable.com/.attachments/862a696139a36c94d5d6f30980b71487/4a8d4c39/DARIUS.jpg),DARIUS.jpg ,Jelena Kevic-Djurdjevic,Claudiu-Antoniu Magherusan,"Chris Kintner,Claudiu-Antoniu Magherusan,Gerald Parel",Legends of Runeterra
ðŸ¤‘ Client/ Set 01 - ðŸŒŸ Released: DARIUS LEVEL 02,DARIUS LEVEL 02,DARIUS-L02.jpg (https://dl.airtable.com/.attachments/74240de09f205e70aad2379056c9703d/a28242d1/DARIUS-L02.jpg),DARIUS-L02.jpg ,Jelena Kevic-Djurdjevic,Gerald Parel,"Valentin Gloaguen,Gerald Parel",Legends of Runeterra
ðŸ¤‘ Client/ Set 01 - ðŸŒŸ Released: DAUNTLESS VANGUARD,DAUNTLESS VANGUARD,DAUNTLESS-ELITE.jpg (https://dl.airtable.com/.attachments/cb911fdf519d6500fb7e3c4e982999e9/74b08120/DAUNTLESS-ELITE.jpg),DAUNTLESS-ELITE.jpg ,Jelena Kevic-Djurdjevic,Gerald Parel,"Valentin Gloaguen,Gerald Parel",Legends of Runeterra
ðŸ¤‘ Client/ Set 01 - ðŸŒŸ Released: DEATHLY COMPANION,DEATHLY COMPANION,DEATHLY-COMPANION.jpg (https://dl.airtable.com/.attachments/2b9d92d496ee2e59064e826c4d5eb615/00225fef/DEATHLY-COMPANION.jpg),DEATHLY-COMPANION.jpg ,Jelena Kevic-Djurdjevic,Monika Palosz,Monika Palosz,Legends of Runeterra
ðŸ¤‘ Client/ Set 01 - ðŸŒŸ Released: DEEP WATER SCOURGE,DEEP WATER SCOURGE,DEEP-WATER-SCOURGE.jpg (https://dl.airtable.com/.attachments/2d85df1949c5e16df5f7ee71367bd20f/97e34fa1/DEEP-WATER-SCOURGE.jpg),DEEP-WATER-SCOURGE.jpg ,Jelena Kevic-Djurdjevic,Claudiu-Antoniu Magherusan,Claudiu-Antoniu Magherusan,Legends of Runeterra
ðŸ¤‘ Client/ Set 01 - ðŸŒŸ Released: DRAVEN LEVEL 01,DRAVEN LEVEL 01,DRAVEN.jpg (https://dl.airtable.com/.attachments/91c895d6ca73bbb88a1e7d4ea8785f8e/ef49c47d/DRAVEN.jpg),DRAVEN.jpg ,Jelena Kevic-Djurdjevic,Claudiu-Antoniu Magherusan,"Marko Djurdjevic,Gerald Parel,Claudiu-Antoniu Magherusan",Legends of Runeterra
ðŸ¤‘ Client/ Set 01 - ðŸŒŸ Released: DRAVEN LEVEL 02,DRAVEN LEVEL 02,DRAVEN-L02.jpg (https://dl.airtable.com/.attachments/133889361bcba3635c8505b69674d71f/da453ac3/DRAVEN-L02.jpg),DRAVEN-L02.jpg ,Jelena Kevic-Djurdjevic,Claudiu-Antoniu Magherusan,"Hugo Lam,Nico Lee Lazarus,Thabiso Mhlaba,William Gist,Valentin Gloaguen,Claudiu-Antoniu Magherusan",Legends of Runeterra
ðŸ¤‘ Client/ Set 01 - ðŸŒŸ Released: DRAVENS BIGGEST FAN,DRAVENS BIGGEST FAN,DRAVENS-BIGGEST-FAN.jpg (https://dl.airtable.com/.attachments/9995d46d57bccb17594bf2be0f3c412c/b6354155/DRAVENS-BIGGEST-FAN.jpg),DRAVENS-BIGGEST-FAN.jpg ,Jelena Kevic-Djurdjevic,Monika Palosz,Monika Palosz,Legends of Runeterra
ðŸ¤‘ Client/ Set 01 - ðŸŒŸ Released: EAGER APPRENTICE,EAGER APPRENTICE,EAGER-APPRENTICE.jpg (https://dl.airtable.com/.attachments/d386ec38cf22d27aaff66cb76a9fab95/9259b4a6/EAGER-APPRENTICE.jpg),EAGER-APPRENTICE.jpg ,Jelena Kevic-Djurdjevic,Monika Palosz,"Chris Kintner,Monika Palosz",Legends of Runeterra
ðŸ¤‘ Client/ Set 01 - ðŸŒŸ Released: ELISE LEVEL 01,ELISE LEVEL 01,ELISE-HUMAN.jpg (https://dl.airtable.com/.attachments/57507739753a8b6cc2716da7d402a125/e17c9d17/ELISE-HUMAN.jpg),ELISE-HUMAN.jpg ,Jelena Kevic-Djurdjevic,Gerald Parel,Gerald Parel,Legends of Runeterra
ðŸ¤‘ Client/ Set 01 - ðŸŒŸ Released: EMERALD AWAKENER,EMERALD AWAKENER,ENLIGHTENED-WARRIOR.jpg (https://dl.airtable.com/.attachments/c702b9ef8e8dc38e433221641c6a798e/72ec2a2d/ENLIGHTENED-WARRIOR.jpg),ENLIGHTENED-WARRIOR.jpg ,Jelena Kevic-Djurdjevic,Maki Planas Mata,HÃ¶gni Jarleivur Mohr,Legends of Runeterra
ðŸ¤‘ Client/ Set 01 - ðŸŒŸ Released: ENRAGED YETI,ENRAGED YETI,ENRAGED-YETI.jpg (https://dl.airtable.com/.attachments/e5567087404754f07fd31758d73cfc77/c3d78d28/ENRAGED-YETI.jpg),ENRAGED-YETI.jpg ,Jelena Kevic-Djurdjevic,Michal Ivan,Michal Ivan,Legends of Runeterra
ðŸ¤‘ Client/ Set 01 - ðŸŒŸ Released: ESCAPED ABOMINATION,ESCAPED ABOMINATION,ESCAPED-HORROR.jpg (https://dl.airtable.com/.attachments/acd5a9d1c28ed8ddab7125cb988be177/ded419bb/ESCAPED-HORROR.jpg),ESCAPED-HORROR.jpg ,Jelena Kevic-Djurdjevic,Alessandro Poli,"William Gist,Alessandro Poli",Legends of Runeterra
ðŸ¤‘ Client/ Set 01 - ðŸŒŸ Released: EZREAL LEVEL 01,EZREAL LEVEL 01,EZREAL-L01.jpg (https://dl.airtable.com/.attachments/55c817c971eccdb475110eb9ca809ed1/40b97d1e/EZREAL-L01.jpg),EZREAL-L01.jpg ,Jelena Kevic-Djurdjevic,Gerald Parel,"Hugo Lam,Claudiu-Antoniu Magherusan,Gerald Parel",Legends of Runeterra
ðŸ¤‘ Client/ Set 01 - ðŸŒŸ Released: FERAL MYSTIC,FERAL MYSTIC,ENRAPTURED-MYSTIC.jpg (https://dl.airtable.com/.attachments/f1735b2674fa8da065b4aeb5514c5c2e/8f5b3660/ENRAPTURED-MYSTIC.jpg),ENRAPTURED-MYSTIC.jpg ,Jelena Kevic-Djurdjevic,Gerald Parel,Gerald Parel,Legends of Runeterra
ðŸ¤‘ Client/ Set 01 - ðŸŒŸ Released: FIORA LEVEL 01,FIORA LEVEL 01,FIORA.jpg (https://dl.airtable.com/.attachments/13e3df8dd5d1a97f33024d9ad99da32c/4d52d73d/FIORA.jpg),FIORA.jpg ,Jelena Kevic-Djurdjevic,Gerald Parel,"Monika Palosz,Jelena Kevic-Djurdjevic,Gerald Parel",Legends of Runeterra
ðŸ¤‘ Client/ Set 01 - ðŸŒŸ Released: FIORA LEVEL 02,FIORA LEVEL 02,FIORA-L02.jpg (https://dl.airtable.com/.attachments/ce67e32555e8f65ab2c4d0dc346bbba4/7d3526aa/FIORA-L02.jpg),FIORA-L02.jpg ,Jelena Kevic-Djurdjevic,Gerald Parel,Gerald Parel,Legends of Runeterra
ðŸ¤‘ Client/ Set 01 - ðŸŒŸ Released: FLAME CHOMPERS,FLAME CHOMPERS,FLAME-CHOMPERS.jpg (https://dl.airtable.com/.attachments/cddada5e14404fd598d8fc5c3e414e3d/706cff78/FLAME-CHOMPERS.jpg),FLAME-CHOMPERS.jpg ,Jelena Kevic-Djurdjevic,Gerald Parel,"Hugo Lam,Gerald Parel",Legends of Runeterra
ðŸ¤‘ Client/ Set 01 - ðŸŒŸ Released: FLEETFEATHER TRACKER,FLEETFEATHER TRACKER,SILVERWING-TRACKER.jpg (https://dl.airtable.com/.attachments/bf854671be026e80778ff4e779a04429/47530682/SILVERWING-TRACKER.jpg),SILVERWING-TRACKER.jpg ,Jelena Kevic-Djurdjevic,HÃ¶gni Jarleivur Mohr,"Hugo Lam,Gerald Parel",Legends of Runeterra
ðŸ¤‘ Client/ Set 01 - ðŸŒŸ Released: FRENZIED SKITTERER,FRENZIED SKITTERER,FRENZIED-SKITTERER.jpg (https://dl.airtable.com/.attachments/add1b1ffab65935b4b973e5808ad7e4b/ba5e3efa/FRENZIED-SKITTERER.jpg),FRENZIED-SKITTERER.jpg ,Jelena Kevic-Djurdjevic,Michal Ivan,Michal Ivan,Legends of Runeterra
ðŸ¤‘ Client/ Set 01 - ðŸŒŸ Released: FUNSMITH,FUNSMITH,FUNSMITH.jpg (https://dl.airtable.com/.attachments/0f2eb4d908a1d0d98f4508b2c40dd4ae/b38b7e3d/FUNSMITH.jpg),FUNSMITH.jpg ,Jelena Kevic-Djurdjevic,Gerald Parel,"Valentin Gloaguen,Hugo Lam,Gerald Parel",Legends of Runeterra
ðŸ¤‘ Client/ Set 01 - ðŸŒŸ Released: GAREN LEVEL 01,GAREN LEVEL 01,GAREN-L01.jpg (https://dl.airtable.com/.attachments/5b904c47e9c45141b57943c866a32cf9/6e9d0b35/GAREN-L01.jpg),GAREN-L01.jpg ,Jelena Kevic-Djurdjevic,Claudiu-Antoniu Magherusan,Claudiu-Antoniu Magherusan,Legends of Runeterra
ðŸ¤‘ Client/ Set 01 - ðŸŒŸ Released: GAREN LEVEL 02,GAREN LEVEL 02,GAREN.jpg (https://dl.airtable.com/.attachments/41e642224f9ca728ed9a7a57ebe095e3/a144e069/GAREN.jpg),GAREN.jpg ,Jelena Kevic-Djurdjevic,Claudiu-Antoniu Magherusan,"Nico Lee Lazarus,Gerald Parel,Monika Palosz,Claudiu-Antoniu Magherusan",Legends of Runeterra
ðŸ¤‘ Client/ Set 01 - ðŸŒŸ Released: GREENGLADE CARETAKER,GREENGLADE CARETAKER,MEADOW-GUARDIAN.jpg (https://dl.airtable.com/.attachments/9153ae80a151b22a7adfcd0b06ab1bae/9ea9f951/MEADOW-GUARDIAN.jpg),MEADOW-GUARDIAN.jpg ,Jelena Kevic-Djurdjevic,Gerald Parel,Michal Ivan,Legends of Runeterra
ðŸ¤‘ Client/ Set 01 - ðŸŒŸ Released: GREENGLADE DUO,GREENGLADE DUO,GREENGLADE DUO.jpg (https://dl.airtable.com/.attachments/0fadb42b5c1ef56323ec93679f369203/d7b33e84/GREENGLADEDUO.jpg),GREENGLADE DUO.jpg ,Jelena Kevic-Djurdjevic,Maki Planas Mata,"Claudiu-Antoniu Magherusan,Jelena Kevic-Djurdjevic",Legends of Runeterra
ðŸ¤‘ Client/ Set 01 - ðŸŒŸ Released: GREENGLADE ELDER,GREENGLADE ELDER,VILLAGE-ELDER.jpg (https://dl.airtable.com/.attachments/87548b4496a3edbd90a9adcb159da2f5/fa01c6a6/VILLAGE-ELDER.jpg),VILLAGE-ELDER.jpg ,Jelena Kevic-Djurdjevic,Maki Planas Mata,Michal Ivan,Legends of Runeterra
ðŸ¤‘ Client/ Set 01 - ðŸŒŸ Released: HAPLESS ARISTOCRAT,HAPLESS ARISTOCRAT,HAPLESS-ARISTOCRAT.jpg (https://dl.airtable.com/.attachments/c60e4fdff48377c7d3b47585ac77ff00/77a4323b/HAPLESS-ARISTOCRAT.jpg),HAPLESS-ARISTOCRAT.jpg ,Jelena Kevic-Djurdjevic,Monika Palosz,"Gerald Parel,William Gist,Hugo Lam,Monika Palosz",Legends of Runeterra
ðŸ¤‘ Client/ Set 01 - ðŸŒŸ Released: HEART OF THE FLUFT,HEART OF THE FLUFT,FLUFT-OF-POROS.jpg (https://dl.airtable.com/.attachments/3e0e3ce71f1625102c748be73f2e348e/b36d4ffa/FLUFT-OF-POROS.jpg),FLUFT-OF-POROS.jpg ,Jelena Kevic-Djurdjevic,Alessandro Poli,"Valentin Gloaguen,Claudiu-Antoniu Magherusan,Alessandro Poli",Legends of Runeterra
ðŸ¤‘ Client/ Set 01 - ðŸŒŸ Released: HECARIM LEVEL 01,HECARIM LEVEL 01,HECARIM-L01.jpg (https://dl.airtable.com/.attachments/d69722ec1bdcb68957350fe3b92bda1e/b2ad66a3/HECARIM-L01.jpg),HECARIM-L01.jpg ,Jelena Kevic-Djurdjevic,Michal Ivan,"William Gist,Michal Ivan",Legends of Runeterra
ðŸ¤‘ Client/ Set 01 - ðŸŒŸ Released: HEIMERDINGER LEVEL 01,HEIMERDINGER LEVEL 01,HEIMERDINGER-L01.jpg (https://dl.airtable.com/.attachments/8be5f1a0a57b3f71762bdea31d020c1c/58533595/HEIMERDINGER-L01.jpg),HEIMERDINGER-L01.jpg ,Jelena Kevic-Djurdjevic,Alessandro Poli,Alessandro Poli,Legends of Runeterra
ðŸ¤‘ Client/ Set 01 - ðŸŒŸ Released: HEIMERDINGER LEVEL 02,HEIMERDINGER LEVEL 02,HEIMERDINGER-L02.jpg (https://dl.airtable.com/.attachments/fe97ac069720c52819a210e275de14da/dc5f32f7/HEIMERDINGER-L02.jpg),HEIMERDINGER-L02.jpg ,Jelena Kevic-Djurdjevic,Michal Ivan,"Michal Ivan,William Gist,Alessandro Poli",Legends of Runeterra
ðŸ¤‘ Client/ Set 01 - ðŸŒŸ Released: HERALD OF SPRING,HERALD OF SPRING,HERALD-OF-SPRING.jpg (https://dl.airtable.com/.attachments/b79bb4c2dcd7ea4504e01b260bde52c2/87697828/HERALD-OF-SPRING.jpg),HERALD-OF-SPRING.jpg ,Jelena Kevic-Djurdjevic,Monika Palosz,Monika Palosz,Legends of Runeterra
ðŸ¤‘ Client/ Set 01 - ðŸŒŸ Released: HERALD OF STEEL,HERALD OF STEEL,HERALD-OF-STEEL.jpg (https://dl.airtable.com/.attachments/3e83e875b571351ee361c5e08941a308/3e7f1b10/HERALD-OF-STEEL.jpg),HERALD-OF-STEEL.jpg ,Jelena Kevic-Djurdjevic,Gerald Parel,"Monika Palosz,Gerald Parel",Legends of Runeterra
ðŸ¤‘ Client/ Set 01 - ðŸŒŸ Released: HEXTECH RESEARCHER,HEXTECH RESEARCHER,HEX-TECH-RESEARCHER.jpg (https://dl.airtable.com/.attachments/1048f5ab4c612464d932239138b74ded/27d2920b/HEX-TECH-RESEARCHER.jpg),HEX-TECH-RESEARCHER.jpg ,Jelena Kevic-Djurdjevic,Marko Djurdjevic,"Hugo Lam,Gerald Parel",Legends of Runeterra
ðŸ¤‘ Client/ Set 01 - ðŸŒŸ Released: HIBERNATING YETI,HIBERNATING YETI,HIBERNATING-YETI.jpg (https://dl.airtable.com/.attachments/4e4900e9a38a22139ba9ef30e05c65ca/90879857/HIBERNATING-YETI.jpg),HIBERNATING-YETI.jpg ,Jelena Kevic-Djurdjevic,Michal Ivan,Michal Ivan,Legends of Runeterra
ðŸ¤‘ Client/ Set 01 - ðŸŒŸ Released: ICEVALE ARCHER,ICEVALE ARCHER,ICEBORN-ARCHER.jpg (https://dl.airtable.com/.attachments/014dd908fb47688bdb551fa9ac3b1e44/f2cd473b/ICEBORN-ARCHER.jpg),ICEBORN-ARCHER.jpg ,Jelena Kevic-Djurdjevic,Monika Palosz,"Gerald Parel,Monika Palosz",Legends of Runeterra
ðŸ¤‘ Client/ Set 01 - ðŸŒŸ Released: ILLEGAL CONTRAPTION,ILLEGAL CONTRAPTION,ILLEGAL-CONTRAPTION.jpg (https://dl.airtable.com/.attachments/4772752f0b39e3fe43e3248215547d34/d3f573ba/ILLEGAL-CONTRAPTION.jpg),ILLEGAL-CONTRAPTION.jpg ,Jelena Kevic-Djurdjevic,Gerald Parel,Valentin Gloaguen,Legends of Runeterra
ðŸ¤‘ Client/ Set 01 - ðŸŒŸ Released: ILLUMINATOR GUARDIAN,ILLUMINATOR GUARDIAN,ILLUMINATOR-GUARDIAN.jpg (https://dl.airtable.com/.attachments/23fda5ada12be04a855dfa19c70d6c5b/2fcdcc2a/ILLUMINATOR-GUARDIAN.jpg),ILLUMINATOR-GUARDIAN.jpg ,Jelena Kevic-Djurdjevic,Monika Palosz,"Jelena Kevic-Djurdjevic,Claudiu-Antoniu Magherusan,Gerald Parel",Legends of Runeterra
ðŸ¤‘ Client/ Set 01 - ðŸŒŸ Released: ILLUMINATOR PRIEST,ILLUMINATOR PRIEST,ILLUMINATOR-PRIESTS-.jpg (https://dl.airtable.com/.attachments/102fa33089b7227f560c2bdd77d83616/0ac5c7a2/ILLUMINATOR-PRIESTS-.jpg),ILLUMINATOR-PRIESTS-.jpg ,Jelena Kevic-Djurdjevic,Claudiu-Antoniu Magherusan,"Marko Djurdjevic,Gerald Parel,Chris Kintner",Legends of Runeterra
ðŸ¤‘ Client/ Set 01 - ðŸŒŸ Released: INSPIRING MENTOR,INSPIRING MENTOR,INSPIRING-MENTOR.jpg (https://dl.airtable.com/.attachments/42e42b3c197fb38c40483e593409b963/9e3138c9/INSPIRING-MENTOR.jpg),INSPIRING-MENTOR.jpg ,Jelena Kevic-Djurdjevic,Claudiu-Antoniu Magherusan,"HÃ¶gni Jarleivur Mohr,Claudiu-Antoniu Magherusan",Legends of Runeterra
ðŸ¤‘ Client/ Set 01 - ðŸŒŸ Released: INTREPID MARINER,INTREPID MARINER,INTREPID-MARINER.jpg (https://dl.airtable.com/.attachments/cf4189ec518fd143a6fbaa96bc526d32/2fe98802/INTREPID-MARINER.jpg),INTREPID-MARINER.jpg ,Jelena Kevic-Djurdjevic,Monika Palosz,Monika Palosz,Legends of Runeterra
ðŸ¤‘ Client/ Set 01 - ðŸŒŸ Released: IRON HARBRINGER,IRON HARBRINGER,IRON-HARBINGER.jpg (https://dl.airtable.com/.attachments/87c785fa6902225e0f275914a745c5b6/9c41f08c/IRON-HARBINGER.jpg),IRON-HARBINGER.jpg ,Jelena Kevic-Djurdjevic,Marko Djurdjevic,"Valentin Gloaguen,Monika Palosz",Legends of Runeterra
ðŸ¤‘ Client/ Set 01 - ðŸŒŸ Released: JAE MEDARDA,JAE MEDARDA,JAE-MEDARDA.jpg (https://dl.airtable.com/.attachments/a6368dddb1cf90dc24a8f1c42dcfedee/a24863d5/JAE-MEDARDA.jpg),JAE-MEDARDA.jpg ,Jelena Kevic-Djurdjevic,Claudiu-Antoniu Magherusan,Claudiu-Antoniu Magherusan,Legends of Runeterra
ðŸ¤‘ Client/ Set 01 - ðŸŒŸ Released: JINX LEVEL 02,JINX LEVEL 02,JINX-L02.jpg (https://dl.airtable.com/.attachments/5f203929b23e96110d484e45dec67bea/332680bf/JINX-L02.jpg),JINX-L02.jpg ,Jelena Kevic-Djurdjevic,Claudiu-Antoniu Magherusan,"Jelena Kevic-Djurdjevic,Gerald Parel",Legends of Runeterra
ðŸ¤‘ Client/ Set 01 - ðŸŒŸ Released: JINX POW POW,JINX POW POW,JINX-POW-POW.jpg (https://dl.airtable.com/.attachments/b0a9e0e054993fd746853a6d0f6d6671/8d029a56/JINX-POW-POW.jpg),JINX-POW-POW.jpg ,Jelena Kevic-Djurdjevic,Monika Palosz,Monika Palosz,Legends of Runeterra
ðŸ¤‘ Client/ Set 01 - ðŸŒŸ Released: JUBILANT PORO,JUBILANT PORO,JUBILANT-PORO.jpg (https://dl.airtable.com/.attachments/d917e8499611af535adb2d67fc98c36f/9a081a4d/JUBILANT-PORO.jpg),JUBILANT-PORO.jpg ,Jelena Kevic-Djurdjevic,Alessandro Poli,Alessandro Poli,Legends of Runeterra
ðŸ¤‘ Client/ Set 01 - ðŸŒŸ Released: KALISTA LEVEL 01,KALISTA LEVEL 01,KALISTA-L01.jpg (https://dl.airtable.com/.attachments/28d916a384cfcd7a4422cb41399f479d/c8d279b1/KALISTA-L01.jpg),KALISTA-L01.jpg ,Jelena Kevic-Djurdjevic,Monika Palosz,Monika Palosz,Legends of Runeterra
ðŸ¤‘ Client/ Set 01 - ðŸŒŸ Released: KARMA LEVEL 01,KARMA LEVEL 01,KARMA.jpg (https://dl.airtable.com/.attachments/471549d7df6513b62ae9936236fe6ab9/3e6f249a/KARMA.jpg),KARMA.jpg ,Jelena Kevic-Djurdjevic,Gerald Parel,"Michal Ivan,Gerald Parel",Legends of Runeterra
ðŸ¤‘ Client/ Set 01 - ðŸŒŸ Released: KARMA LEVEL 02,KARMA LEVEL 02,KARMA-L02.jpg (https://dl.airtable.com/.attachments/66a3ea6c4dbae7547ade64d573d7b27b/0be897fc/KARMA-L02.jpg),KARMA-L02.jpg ,Jelena Kevic-Djurdjevic,Monika Palosz,Monika Palosz,Legends of Runeterra
ðŸ¤‘ Client/ Set 01 - ðŸŒŸ Released: KATARINA LEVEL 01,KATARINA LEVEL 01,KATARINA.jpg (https://dl.airtable.com/.attachments/ef1f3f762c84f2057037e0a955fa4d85/a0651a38/KATARINA.jpg),KATARINA.jpg ,Jelena Kevic-Djurdjevic,Gerald Parel,"Timo Mimus,Jelena Kevic-Djurdjevic,Gerald Parel",Legends of Runeterra
ðŸ¤‘ Client/ Set 01 - ðŸŒŸ Released: KATARINA LEVEL 02,KATARINA LEVEL 02,KATARINA-L02.jpg (https://dl.airtable.com/.attachments/7c048b8a3a078ec64ceb6c1f763c1874/308a01d9/KATARINA-L02.jpg),KATARINA-L02.jpg ,Jelena Kevic-Djurdjevic,Monika Palosz,"Zheng Qu,Thabiso Mhlaba,Monika Palosz",Legends of Runeterra
ðŸ¤‘ Client/ Set 01 - ðŸŒŸ Released: KATO THE ARM,KATO THE ARM,KATO.jpg (https://dl.airtable.com/.attachments/c9d5556e4b6ae9a147e5222f7bfab78c/c8a3c9fb/KATO.jpg),KATO.jpg ,Jelena Kevic-Djurdjevic,Gerald Parel,"Hugo Lam,Chris Kintner,Gerald Parel",Legends of Runeterra
ðŸ¤‘ Client/ Set 01 - ðŸŒŸ Released: KEEPER OF THE MASKS,KEEPER OF THE MASKS,KEEPER-OF-MASKS.jpg (https://dl.airtable.com/.attachments/7a2ff52b6f8b450ef117f41b9dad8005/846f5f86/KEEPER-OF-MASKS.jpg),KEEPER-OF-MASKS.jpg ,Jelena Kevic-Djurdjevic,Monika Palosz,"Jelena Kevic-Djurdjevic,Monika Palosz",Legends of Runeterra
ðŸ¤‘ Client/ Set 01 - ðŸŒŸ Released: KINDLY INNKEEPER,KINDLY INNKEEPER,KINDLY-INNKEEPER.jpg (https://dl.airtable.com/.attachments/41200e4585b884acdc20def9520a9541/34026896/KINDLY-INNKEEPER.jpg),KINDLY-INNKEEPER.jpg ,Jelena Kevic-Djurdjevic,Claudiu-Antoniu Magherusan,Claudiu-Antoniu Magherusan,Legends of Runeterra
ðŸ¤‘ Client/ Set 01 - ðŸŒŸ Released: KINKOU SPIRITSEEKER,KINKOU SPIRITSEEKER,KINKOU-SPIRITSEEKER.jpg (https://dl.airtable.com/.attachments/6995d2aa5ef4a720b2019993d8ae17d8/ee4796b9/KINKOU-SPIRITSEEKER.jpg),KINKOU-SPIRITSEEKER.jpg ,Jelena Kevic-Djurdjevic,Monika Palosz,"Chris Kintner,Monika Palosz",Legends of Runeterra
ðŸ¤‘ Client/ Set 01 - ðŸŒŸ Released: LAURENT BLADEKEEPER,LAURENT BLADEKEEPER,LAURENT-BLADEKEEPER.jpg (https://dl.airtable.com/.attachments/957a3ebc525260d83853ac4256b2547d/907fffd1/LAURENT-BLADEKEEPER.jpg),LAURENT-BLADEKEEPER.jpg ,Jelena Kevic-Djurdjevic,Gerald Parel,"Jelena Kevic-Djurdjevic,Gerald Parel",Legends of Runeterra
ðŸ¤‘ Client/ Set 01 - ðŸŒŸ Released: LAURENT CHEVALIER,LAURENT CHEVALIER,ANTOINE-LAURENT.jpg (https://dl.airtable.com/.attachments/e25e60a3656e7434d15dbd50e1eff748/25586670/ANTOINE-LAURENT.jpg),ANTOINE-LAURENT.jpg ,Jelena Kevic-Djurdjevic,Maki Planas Mata,Maki Planas Mata,Legends of Runeterra
ðŸ¤‘ Client/ Set 01 - ðŸŒŸ Released: LEGION DRUMMER,LEGION DRUMMER,LEGION-DRUMMER.jpg (https://dl.airtable.com/.attachments/ab37a04e3afda4008175fd02007b44c7/14c62ca8/LEGION-DRUMMER.jpg),LEGION-DRUMMER.jpg ,Jelena Kevic-Djurdjevic,Gerald Parel,Jelena Kevic-Djurdjevic,Legends of Runeterra
ðŸ¤‘ Client/ Set 01 - ðŸŒŸ Released: LEGION GENERAL,LEGION GENERAL,THE-LOST-GENERAL.jpg (https://dl.airtable.com/.attachments/ebc28583153b38fa40fddf05675ae9c0/3d87d564/THE-LOST-GENERAL.jpg),THE-LOST-GENERAL.jpg ,Jelena Kevic-Djurdjevic,Claudiu-Antoniu Magherusan,"Michal Ivan,Marko Djurdjevic",Legends of Runeterra
ðŸ¤‘ Client/ Set 01 - ðŸŒŸ Released: LEGION MARAUDER,LEGION MARAUDER,RELENTLESS-RAIDER.jpg (https://dl.airtable.com/.attachments/481b0ae281ff8aa5906a8ea0efdb7be7/b25f501a/RELENTLESS-RAIDER.jpg),RELENTLESS-RAIDER.jpg ,Jelena Kevic-Djurdjevic,Mads Ahm,"Mads Ahm,Marko Djurdjevic,HÃ¶gni Jarleivur Mohr",Legends of Runeterra
ðŸ¤‘ Client/ Set 01 - ðŸŒŸ Released: LEGION REARGUARD,LEGION REARGUARD,LEGION-REARGUARD.jpg (https://dl.airtable.com/.attachments/ffca14fd1c3a367c18a9ea6e3b8e1ae6/d31154c3/LEGION-REARGUARD.jpg),LEGION-REARGUARD.jpg ,Jelena Kevic-Djurdjevic,Claudiu-Antoniu Magherusan,Claudiu-Antoniu Magherusan,Legends of Runeterra
ðŸ¤‘ Client/ Set 01 - ðŸŒŸ Released: LEGION SABOTEUR,LEGION SABOTEUR,NOXTALI-SABOTEUR.jpg (https://dl.airtable.com/.attachments/1679c883c829fd6cd49de2024827da7d/b8e5aac1/NOXTALI-SABOTEUR.jpg),NOXTALI-SABOTEUR.jpg ,Jelena Kevic-Djurdjevic,Claudiu-Antoniu Magherusan,"Chris Kintner,Claudiu-Antoniu Magherusan",Legends of Runeterra
ðŸ¤‘ Client/ Set 01 - ðŸŒŸ Released: LEGION VETERAN,LEGION VETERAN,NOXTALI-VETERAN.jpg (https://dl.airtable.com/.attachments/73d9e959936e6a8baadad6280e99aa69/27f8b54c/NOXTALI-VETERAN.jpg),NOXTALI-VETERAN.jpg ,Jelena Kevic-Djurdjevic,Maki Planas Mata,"Gerald Parel,Claudiu-Antoniu Magherusan",Legends of Runeterra
ðŸ¤‘ Client/ Set 01 - ðŸŒŸ Released: LIVING SHADOW,LIVING SHADOW,SHADOW-OF-ZED.jpg (https://dl.airtable.com/.attachments/e9c1b8e874ab5b275940f07be55c2d4a/0de7e221/SHADOW-OF-ZED.jpg),SHADOW-OF-ZED.jpg ,Jelena Kevic-Djurdjevic,Michal Ivan,Michal Ivan,Legends of Runeterra
ðŸ¤‘ Client/ Set 01 - ðŸŒŸ Released: LONELY PORO,LONELY PORO,LONELY-PORO.jpg (https://dl.airtable.com/.attachments/234e74a5fbce9ec25211b8c8c49e732c/417d7881/LONELY-PORO.jpg),LONELY-PORO.jpg ,Jelena Kevic-Djurdjevic,Alessandro Poli,Alessandro Poli,Legends of Runeterra
ðŸ¤‘ Client/ Set 01 - ðŸŒŸ Released: LUCIAN LEVEL 01,LUCIAN LEVEL 01,LUCIAN-L01.jpg (https://dl.airtable.com/.attachments/cb859073fda3b5477017438b5dc938ac/ede61d01/LUCIAN-L01.jpg),LUCIAN-L01.jpg ,Jelena Kevic-Djurdjevic,Adrian Wilkins,"HÃ¶gni Jarleivur Mohr,Marko Djurdjevic,Alessandro Poli",Legends of Runeterra
ðŸ¤‘ Client/ Set 01 - ðŸŒŸ Released: LUCIAN LEVEL 02,LUCIAN LEVEL 02,LUCIAN.jpg (https://dl.airtable.com/.attachments/b38dc337406c026f383ecc449738d2c0/ea84133a/LUCIAN.jpg),LUCIAN.jpg ,Jelena Kevic-Djurdjevic,Alessandro Poli,"Gerald Parel,Zheng Qu,Thabiso Mhlaba,Alessandro Poli",Legends of Runeterra
ðŸ¤‘ Client/ Set 01 - ðŸŒŸ Released: LUX LEVEL 01,LUX LEVEL 01,LUX-L01.jpg (https://dl.airtable.com/.attachments/e5cacbe5c465d17a2ab86260c4e9bab2/d10e824d/LUX-L01.jpg),LUX-L01.jpg ,Jelena Kevic-Djurdjevic,Gerald Parel,"Monika Palosz,Gerald Parel,Jelena Kevic-Djurdjevic",Legends of Runeterra
ðŸ¤‘ Client/ Set 01 - ðŸŒŸ Released: LUX LEVEL 02,LUX LEVEL 02,LUX-LIGHTBRINGER.jpg (https://dl.airtable.com/.attachments/6f99e7b5887905f71be5ce7a7011d8e2/d5e10b6a/LUX-LIGHTBRINGER.jpg),LUX-LIGHTBRINGER.jpg ,Jelena Kevic-Djurdjevic,Gerald Parel,"Monika Palosz,Hugo Lam,Gerald Parel",Legends of Runeterra
ðŸ¤‘ Client/ Set 01 - ðŸŒŸ Released: MAGESEEKER INQUISITOR,MAGESEEKER INQUISITOR,MAGESEEKER-INQUISITOR.jpg (https://dl.airtable.com/.attachments/c6bc6b551c3fa845781b15f6bf83e134/39296aa8/MAGESEEKER-INQUISITOR.jpg),MAGESEEKER-INQUISITOR.jpg ,Jelena Kevic-Djurdjevic,Monika Palosz,"Michal Ivan,Jelena Kevic-Djurdjevic,Monika Palosz",Legends of Runeterra
ðŸ¤‘ Client/ Set 01 - ðŸŒŸ Released: MAGESEEKER INVESTIGATOR,MAGESEEKER INVESTIGATOR,MAGESEEKER-INVESTIGATOR.jpg (https://dl.airtable.com/.attachments/d8e79d8f02c5afa3c058c264e5a51099/7c7cb1e4/MAGESEEKER-INVESTIGATOR.jpg),MAGESEEKER-INVESTIGATOR.jpg ,Jelena Kevic-Djurdjevic,Alessandro Poli,"Chris Kintner,Gerald Parel,Monika Palosz,Alessandro Poli",Legends of Runeterra
ðŸ¤‘ Client/ Set 01 - ðŸŒŸ Released: MAGESEEKER RELEGATOR,MAGESEEKER RELEGATOR,MAGESEEKER-RELEGATOR.jpg (https://dl.airtable.com/.attachments/9cca86d6efa245f143b574a1b6110059/feea300a/MAGESEEKER-RELEGATOR.jpg),MAGESEEKER-RELEGATOR.jpg ,Jelena Kevic-Djurdjevic,Maki Planas Mata,"Michal Ivan,Gerald Parel",Legends of Runeterra
ðŸ¤‘ Client/ Set 01 - ðŸŒŸ Released: MIDDENSTOKE HENCHMEN,MIDDENSTOKE HENCHMEN,MIDDENSTOKE-HENCHMEN.jpg (https://dl.airtable.com/.attachments/4e4fae27b29e8c78347aa0a3fec89f1d/75b60c07/MIDDENSTOKE-HENCHMEN.jpg),MIDDENSTOKE-HENCHMEN.jpg ,Jelena Kevic-Djurdjevic,Claudiu-Antoniu Magherusan,"Michal Ivan,Monika Palosz",Legends of Runeterra
ðŸ¤‘ Client/ Set 01 - ðŸŒŸ Released: MIGHTY PORO,MIGHTY PORO,MIGHTY-PORO.jpg (https://dl.airtable.com/.attachments/44bfb9e15700fc32e47f40c0556c6451/a0888a15/MIGHTY-PORO.jpg),MIGHTY-PORO.jpg ,Jelena Kevic-Djurdjevic,HÃ¶gni Jarleivur Mohr,HÃ¶gni Jarleivur Mohr,Legends of Runeterra
ðŸ¤‘ Client/ Set 01 - ðŸŒŸ Released: MINOTAUR RECKONER,MINOTAUR RECKONER,MINOTAUR-RECKONER.jpg (https://dl.airtable.com/.attachments/0dc99ec34e74faaa05d8494086a85173/bf3d43db/MINOTAUR-RECKONER.jpg),MINOTAUR-RECKONER.jpg ,Jelena Kevic-Djurdjevic,Gerald Parel,Michal Ivan,Legends of Runeterra
ðŸ¤‘ Client/ Set 01 - ðŸŒŸ Released: MISTWRAITH,MISTWRAITH,MISTWRAITH.jpg (https://dl.airtable.com/.attachments/2d215ec399e32cf36ea32aabea54794f/f981d1cb/MISTWRAITH.jpg),MISTWRAITH.jpg ,Jelena Kevic-Djurdjevic,Marko Djurdjevic,Michal Ivan,Legends of Runeterra
ðŸ¤‘ Client/ Set 01 - ðŸŒŸ Released: Mk0 WINDUP SHREDDER,Mk0 WINDUP SHREDDER,V-0-CLOCKWORK-SHINSHREDDER.jpg (https://dl.airtable.com/.attachments/d3a0c02ed4d0b46fac42367466b942d8/bef0f4cd/V-0-CLOCKWORK-SHINSHREDDER.jpg),V-0-CLOCKWORK-SHINSHREDDER.jpg ,Jelena Kevic-Djurdjevic,Michal Ivan,Michal Ivan,Legends of Runeterra
ðŸ¤‘ Client/ Set 01 - ðŸŒŸ Released: MK1-WRENCHBOT,MK1-WRENCHBOT,ALL-IN-1-WRENCHBOT.jpg (https://dl.airtable.com/.attachments/4105e0f7683e30875d261e6fe47ab99f/cbf6d863/ALL-IN-1-WRENCHBOT.jpg),ALL-IN-1-WRENCHBOT.jpg ,Jelena Kevic-Djurdjevic,Michal Ivan,Michal Ivan,Legends of Runeterra
ðŸ¤‘ Client/ Set 01 - ðŸŒŸ Released: NAVORI BLADESCOUT,NAVORI BLADESCOUT,NAVORI-QUICKBLADE.jpg (https://dl.airtable.com/.attachments/4f4831d5e13dec7da5d7768a2cfa0d33/d39c7506/NAVORI-QUICKBLADE.jpg),NAVORI-QUICKBLADE.jpg ,Jelena Kevic-Djurdjevic,Maki Planas Mata,Michal Ivan,Legends of Runeterra
ðŸ¤‘ Client/ Set 01 - ðŸŒŸ Released: NAVORI CONSPIRATOR,NAVORI CONSPIRATOR,NAVORI-SHAITO.jpg (https://dl.airtable.com/.attachments/dc9ff5f0d8933e4270f06026055f7d77/8b5ffafc/NAVORI-SHAITO.jpg),NAVORI-SHAITO.jpg ,Jelena Kevic-Djurdjevic,Claudiu-Antoniu Magherusan,"HÃ¶gni Jarleivur Mohr,Claudiu-Antoniu Magherusan",Legends of Runeterra
ðŸ¤‘ Client/ Set 01 - ðŸŒŸ Released: NAVORI HIGHWAYMAN,NAVORI HIGHWAYMAN,NAVORI-HIGHWAYMAN.jpg (https://dl.airtable.com/.attachments/1b8e54e33ea5ee6c97f850fbd80de9ea/25228b23/NAVORI-HIGHWAYMAN.jpg),NAVORI-HIGHWAYMAN.jpg ,Jelena Kevic-Djurdjevic,Gerald Parel,Gerald Parel,Legends of Runeterra
ðŸ¤‘ Client/ Set 01 - ðŸŒŸ Released: OBLIVIOUS ISLANDER,OBLIVIOUS ISLANDER,OBLIVIOUS-ISLANDER.jpg (https://dl.airtable.com/.attachments/f76faee5b11460b01d5fac7849dca227/e5a2adf0/OBLIVIOUS-ISLANDER.jpg),OBLIVIOUS-ISLANDER.jpg ,Jelena Kevic-Djurdjevic,HÃ¶gni Jarleivur Mohr,"William Gist,Gerald Parel,HÃ¶gni Jarleivur Mohr",Legends of Runeterra
ðŸ¤‘ Client/ Set 01 - ðŸŒŸ Released: OMEN HAWK,OMEN HAWK,OMEN-HAWK.jpg (https://dl.airtable.com/.attachments/c8b0d9b4e570cb66ef468f7e25d3438c/3f4fb9f5/OMEN-HAWK.jpg),OMEN-HAWK.jpg ,Jelena Kevic-Djurdjevic,Marko Djurdjevic,"Monika Palosz,Maki Planas Mata",Legends of Runeterra
ðŸ¤‘ Client/ Set 01 - ðŸŒŸ Released: PARADE ELECTRORIG,PARADE ELECTRORIG,PARADE-ELECTRORIG.jpg (https://dl.airtable.com/.attachments/fc768c6ebe5c158844ff85b106ade327/86ddd39d/PARADE-ELECTRORIG.jpg),PARADE-ELECTRORIG.jpg ,Jelena Kevic-Djurdjevic,Claudiu-Antoniu Magherusan,Chris Kintner,Legends of Runeterra
ðŸ¤‘ Client/ Set 01 - ðŸŒŸ Released: PLAZA GUARDIAN,PLAZA GUARDIAN,PLAZA-GUARDIAN.jpg (https://dl.airtable.com/.attachments/997a35340ba4b8bf47f05464f2400502/f61da0ca/PLAZA-GUARDIAN.jpg),PLAZA-GUARDIAN.jpg ,Jelena Kevic-Djurdjevic,Michal Ivan,"Jelena Kevic-Djurdjevic,Hugo Lam",Legends of Runeterra
ðŸ¤‘ Client/ Set 01 - ðŸŒŸ Released: PLUCKY PORO,PLUCKY PORO,PLUCKY-PORO.jpg (https://dl.airtable.com/.attachments/92b36fe77af2339b502e14d666ad0ab3/65cc46da/PLUCKY-PORO.jpg),PLUCKY-PORO.jpg ,Jelena Kevic-Djurdjevic,Alessandro Poli,"Gerald Parel,Maki Planas Mata,Hugo Lam,Alessandro Poli",Legends of Runeterra
ðŸ¤‘ Client/ Set 01 - ðŸŒŸ Released: PORO HERDER,PORO HERDER,PORO-HERDER.jpg (https://dl.airtable.com/.attachments/156ebcf3eb2471ad7324a5b5172c39c8/fc777cfa/PORO-HERDER.jpg),PORO-HERDER.jpg ,Jelena Kevic-Djurdjevic,Esben Rasmussen,"Jelena Kevic-Djurdjevic,Andrius Matijosius,Esben Rasmussent",Legends of Runeterra
ðŸ¤‘ Client/ Set 01 - ðŸŒŸ Released: PROFESSOR VON YIPP,PROFESSOR VON YIPP,PROFESSOR-VON-YIPP.jpg (https://dl.airtable.com/.attachments/2f828b31f3658ef190be7e01c60823c7/d3b5865c/PROFESSOR-VON-YIPP.jpg),PROFESSOR-VON-YIPP.jpg ,Jelena Kevic-Djurdjevic,Gerald Parel,"Gerald Parel,Monika Palosz",Legends of Runeterra
ðŸ¤‘ Client/ Set 01 - ðŸŒŸ Released: PUFFCAP PEDDLER,PUFFCAP PEDDLER,SWEET-CAP-PEDDLER.jpg (https://dl.airtable.com/.attachments/55d54662d9156dfb49cc0fb69edcc6f0/2379d43c/SWEET-CAP-PEDDLER.jpg),SWEET-CAP-PEDDLER.jpg ,Jelena Kevic-Djurdjevic,Marko Djurdjevic,"Chris Kintner,Claudiu-Antoniu Magherusan",Legends of Runeterra
ðŸ¤‘ Client/ Set 01 - ðŸŒŸ Released: RAVENOUS BUTCHER,RAVENOUS BUTCHER,RAVENOUS-BUTCHER.jpg (https://dl.airtable.com/.attachments/13fb8066b2ec85d19bc2bebc8096bab9/937ef31e/RAVENOUS-BUTCHER.jpg),RAVENOUS-BUTCHER.jpg ,Jelena Kevic-Djurdjevic,Maki Planas Mata,"Joao David Fernandes,Claudiu-Antoniu Magherusan,Maki Planas Mata",Legends of Runeterra
ðŸ¤‘ Client/ Set 01 - ðŸŒŸ Released: RED CLAWED YUSARI,RED CLAWED YUSARI,RED-CLAWED-YUSARI.jpg (https://dl.airtable.com/.attachments/cbe56b12e12ac8522bf4bb1d40326556/607314ed/RED-CLAWED-YUSARI.jpg),RED-CLAWED-YUSARI.jpg ,Jelena Kevic-Djurdjevic,Monika Palosz,Monika Palosz,Legends of Runeterra
ðŸ¤‘ Client/ Set 01 - ðŸŒŸ Released: REN SHADOWBLADE,REN SHADOWBLADE,ION-KALGREN-THE-WORDLESS.jpg (https://dl.airtable.com/.attachments/02d3cf067f98691fc2206f4724eed520/10e0f668/ION-KALGREN-THE-WORDLESS.jpg),ION-KALGREN-THE-WORDLESS.jpg ,Jelena Kevic-Djurdjevic,Gerald Parel,Gerald Parel,Legends of Runeterra
ðŸ¤‘ Client/ Set 01 - ðŸŒŸ Released: RIMETUSK SHAMAN,RIMETUSK SHAMAN,RIMETUSK-SHAMAN.jpg (https://dl.airtable.com/.attachments/885b2013b6cde942e8bd666626e53fe9/ad82ea04/RIMETUSK-SHAMAN.jpg),RIMETUSK-SHAMAN.jpg ,Jelena Kevic-Djurdjevic,Maki Planas Mata,"Gerald Parel,Jelena Kevic-Djurdjevic",Legends of Runeterra
ðŸ¤‘ Client/ Set 01 - ðŸŒŸ Released: SAVAGE RECKONER ,SAVAGE RECKONER ,SAVAGE-RECKONER.jpg (https://dl.airtable.com/.attachments/ccd89f2fd36048cc53ba8a75d12f26fb/a1df2df4/SAVAGE-RECKONER.jpg),SAVAGE-RECKONER.jpg ,Jelena Kevic-Djurdjevic,Marko Djurdjevic,"Chris Kintner,Marko Djurdjevic",Legends of Runeterra
ðŸ¤‘ Client/ Set 01 - ðŸŒŸ Released: SCAR MAIDEN REAVERS,SCAR MAIDEN REAVERS,SCAR-MAIDEN-REAVERS.jpg (https://dl.airtable.com/.attachments/7bff820a672bb0b1989a26a5d64e0a68/821868ea/SCAR-MAIDEN-REAVERS.jpg),SCAR-MAIDEN-REAVERS.jpg ,Jelena Kevic-Djurdjevic,Marko Djurdjevic,"Michal Ivan,Gerald Parel",Legends of Runeterra
ðŸ¤‘ Client/ Set 01 - ðŸŒŸ Released: SCRIBE OF SORROWS,SCRIBE OF SORROWS,SCRIBE-OF-SORROWS.jpg (https://dl.airtable.com/.attachments/7ec0a3353ad03a488c7d9c1e7143a68a/9ca8d970/SCRIBE-OF-SORROWS.jpg),SCRIBE-OF-SORROWS.jpg ,Jelena Kevic-Djurdjevic,Maki Planas Mata,"Chris Kintner,Valentin Gloaguen",Legends of Runeterra
ðŸ¤‘ Client/ Set 01 - ðŸŒŸ Released: SCUTTLEGEIST,SCUTTLEGEIST,SCUTTLEGEIST.jpg (https://dl.airtable.com/.attachments/f87854f71a2eab9d067a5a1c960de50b/6fcb3dc6/SCUTTLEGEIST.jpg),SCUTTLEGEIST.jpg ,Jelena Kevic-Djurdjevic,Michal Ivan,Michal Ivan,Legends of Runeterra
ðŸ¤‘ Client/ Set 01 - ðŸŒŸ Released: SELFLESS SHIELDGUARD,SELFLESS SHIELDGUARD,SELFLESS-SHIELDGUARD.jpg (https://dl.airtable.com/.attachments/65bb00a21ada02eead7afbcdec05d8d7/7b7af4dc/SELFLESS-SHIELDGUARD.jpg),SELFLESS-SHIELDGUARD.jpg ,Jelena Kevic-Djurdjevic,Marko Djurdjevic,"Chris Kintner,Gerald Parel,HÃ¶gni Jarleivur Mohr,Claudiu-Antoniu Magherusan",Legends of Runeterra
ðŸ¤‘ Client/ Set 01 - ðŸŒŸ Released: SENNA SENTINEL OF LIGHT,SENNA SENTINEL OF LIGHT,SENNA.jpg (https://dl.airtable.com/.attachments/6511f7135e571e7694432ecde01fd909/e34defc1/SENNA.jpg),SENNA.jpg ,Jelena Kevic-Djurdjevic,Gerald Parel,"Jelena Kevic-Djurdjevic,Gerald Parel",Legends of Runeterra
ðŸ¤‘ Client/ Set 01 - ðŸŒŸ Released: SHARK CHARIOT,SHARK CHARIOT,SHARK-GEIST-CHARIOT.jpg (https://dl.airtable.com/.attachments/98f9d0ca8afe4c88bde713528b80114c/7a181a23/SHARK-GEIST-CHARIOT.jpg),SHARK-GEIST-CHARIOT.jpg ,Jelena Kevic-Djurdjevic,Michal Ivan,Michal Ivan,Legends of Runeterra
ðŸ¤‘ Client/ Set 01 - ðŸŒŸ Released: SHE WHO WANDERS,SHE WHO WANDERS,SHE-WHO-WANDERS.jpg (https://dl.airtable.com/.attachments/c2075a8100342a9b7f09981730e3138b/25089c27/SHE-WHO-WANDERS.jpg),SHE-WHO-WANDERS.jpg ,Jelena Kevic-Djurdjevic,Monika Palosz,"Claudiu-Antoniu Magherusan,Maki Planas Mata,Monika Palosz",Legends of Runeterra
ðŸ¤‘ Client/ Set 01 - ðŸŒŸ Released: SHEN LEVEL 01,SHEN LEVEL 01,SHEN-L01.jpg (https://dl.airtable.com/.attachments/a1f4dbebacecdc54d98c77b8bc409563/0d0d50fd/SHEN-L01.jpg),SHEN-L01.jpg ,Jelena Kevic-Djurdjevic,Claudiu-Antoniu Magherusan,"Zheng Qu,Claudiu-Antoniu Magherusan",Legends of Runeterra
ðŸ¤‘ Client/ Set 01 - ðŸŒŸ Released: SHEN LEVEL 02,SHEN LEVEL 02,SHEN.jpg (https://dl.airtable.com/.attachments/4748711735c639b772ee03eb8cf399e8/1bca0896/SHEN.jpg),SHEN.jpg ,Jelena Kevic-Djurdjevic,Michal Ivan,Michal Ivan,Legends of Runeterra
ðŸ¤‘ Client/ Set 01 - ðŸŒŸ Released: SHIELD FORMATION,SHIELD FORMATION,SHIELD-FORMATION.jpg (https://dl.airtable.com/.attachments/4059d2156a2de163319879a472e24c7f/e7c47539/SHIELD-FORMATION.jpg),SHIELD-FORMATION.jpg ,Jelena Kevic-Djurdjevic,Claudiu-Antoniu Magherusan,"Michal Ivan,Marko Djurdjevic",Legends of Runeterra
ðŸ¤‘ Client/ Set 01 - ðŸŒŸ Released: SHIRAZA THE BLADE,SHIRAZA THE BLADE,SHIRAZA.jpg (https://dl.airtable.com/.attachments/d935e70cac4363d0311a29a7ed7eb6d6/34de6738/SHIRAZA.jpg),SHIRAZA.jpg ,Jelena Kevic-Djurdjevic,Gerald Parel,"Chris Kintner,Monika Palosz,Gerald Parel",Legends of Runeterra
ðŸ¤‘ Client/ Set 01 - ðŸŒŸ Released: SILENT SHADOWSEER,SILENT SHADOWSEER,SILENT-SHADOWSEER.jpg (https://dl.airtable.com/.attachments/adaf4eb28c51651332b6b3cdccc122a1/512cfe92/SILENT-SHADOWSEER.jpg),SILENT-SHADOWSEER.jpg ,Jelena Kevic-Djurdjevic,HÃ¶gni Jarleivur Mohr,"Jelena Kevic-Djurdjevic,HÃ¶gni Jarleivur Mohr",Legends of Runeterra
ðŸ¤‘ Client/ Set 01 - ðŸŒŸ Released: SILVERWING SCOUT,SILVERWING SCOUT,RAPTOR-SCOUT.jpg (https://dl.airtable.com/.attachments/455055bd64c94637cf307c3453fe67be/b4d57ad8/RAPTOR-SCOUT.jpg),RAPTOR-SCOUT.jpg ,Jelena Kevic-Djurdjevic,Michal Ivan,Michal Ivan,Legends of Runeterra
ðŸ¤‘ Client/ Set 01 - ðŸŒŸ Released: SILVERWING VANGUARD,SILVERWING VANGUARD,SWIFTWING-CAVALRY.jpg (https://dl.airtable.com/.attachments/da0e35cfa8a07a592c2f41146e831b1b/42bf3332/SWIFTWING-CAVALRY.jpg),SWIFTWING-CAVALRY.jpg ,Jelena Kevic-Djurdjevic,Michal Ivan,Michal Ivan,Legends of Runeterra
ðŸ¤‘ Client/ Set 01 - ðŸŒŸ Released: SINISTER PORO,SINISTER PORO,SINISTER-PORO.jpg (https://dl.airtable.com/.attachments/1c85f3c9bb8694b7664787a06fe264c4/6032bf7f/SINISTER-PORO.jpg),SINISTER-PORO.jpg ,Jelena Kevic-Djurdjevic,Maki Planas Mata,Alessandro Poli,Legends of Runeterra
ðŸ¤‘ Client/ Set 01 - ðŸŒŸ Released: SKY SOVEREIGN,SKY SOVEREIGN,SKY-SOVEREIGN.jpg (https://dl.airtable.com/.attachments/1feb9b42713f28128644ef2d261ac25f/f9105412/SKY-SOVEREIGN.jpg),SKY-SOVEREIGN.jpg ,Jelena Kevic-Djurdjevic,Marko Djurdjevic,Michal Ivan,Legends of Runeterra
ðŸ¤‘ Client/ Set 01 - ðŸŒŸ Released: SOLITARY MONK,SOLITARY MONK,SOLITARY-MONK.jpg (https://dl.airtable.com/.attachments/062e7672f99209dd9f13233f6c989366/5d34d8d9/SOLITARY-MONK.jpg),SOLITARY-MONK.jpg ,Jelena Kevic-Djurdjevic,Marko Djurdjevic,"Gerald Parel,Marko Djurdjevic",Legends of Runeterra
ðŸ¤‘ Client/ Set 01 - ðŸŒŸ Released: SPARRING STUDENT,SPARRING STUDENT,DETERMINED-STUDENT.jpg (https://dl.airtable.com/.attachments/5af81b820d2959f90f45d79f0925f858/a719c7ac/DETERMINED-STUDENT.jpg),DETERMINED-STUDENT.jpg ,Jelena Kevic-Djurdjevic,Claudiu-Antoniu Magherusan,Claudiu-Antoniu Magherusan,Legends of Runeterra
ðŸ¤‘ Client/ Set 01 - ðŸŒŸ Released: SPEAKER OF THE OLD WAYS,SPEAKER OF THE OLD WAYS,SPEAKER-OF-THE-OLD.jpg (https://dl.airtable.com/.attachments/702605d0f39a175b1aba36537288be8d/cee599e8/SPEAKER-OF-THE-OLD.jpg),SPEAKER-OF-THE-OLD.jpg ,Jelena Kevic-Djurdjevic,Alessandro Poli,Alessandro Poli,Legends of Runeterra
ðŸ¤‘ Client/ Set 01 - ðŸŒŸ Released: SPECTRAL RIDER,SPECTRAL RIDER,SPECTRAL-RIDER.jpg (https://dl.airtable.com/.attachments/d387a2e32ceb592a12f34514a2ea4612/1c3d1282/SPECTRAL-RIDER.jpg),SPECTRAL-RIDER.jpg ,Jelena Kevic-Djurdjevic,Michal Ivan,"Claudiu-Antoniu Magherusan,Michal Ivan",Legends of Runeterra
ðŸ¤‘ Client/ Set 01 - ðŸŒŸ Released: SPIDER QUEEN ELISE,SPIDER QUEEN ELISE,SPIDER-QUEEN-ELISE.jpg (https://dl.airtable.com/.attachments/16fe4830e4dc5ae1fc93b3b73df54455/340dac9d/SPIDER-QUEEN-ELISE.jpg),SPIDER-QUEEN-ELISE.jpg ,Jelena Kevic-Djurdjevic,Gerald Parel,"Valentin Gloaguen,Gerald Parel",Legends of Runeterra
ðŸ¤‘ Client/ Set 01 - ðŸŒŸ Released: SPIDERLING,SPIDERLING,SPIDERLING.jpg (https://dl.airtable.com/.attachments/e43ae4930577bb11d7c9bf49451665e6/291518d6/SPIDERLING.jpg),SPIDERLING.jpg ,Jelena Kevic-Djurdjevic,Maki Planas Mata,Hugo Lam,Legends of Runeterra
ðŸ¤‘ Client/ Set 01 - ðŸŒŸ Released: STARTLIT SEER,STARTLIT SEER,SHAMAN-ADEPT.jpg (https://dl.airtable.com/.attachments/dfb0411a118f13a5ca17b374cb4bfb84/4aa5a993/SHAMAN-ADEPT.jpg),SHAMAN-ADEPT.jpg ,Jelena Kevic-Djurdjevic,HÃ¶gni Jarleivur Mohr,"Gerald Parel,HÃ¶gni Jarleivur Mohr",Legends of Runeterra
ðŸ¤‘ Client/ Set 01 - ðŸŒŸ Released: STIRRED SPIRITS,STIRRED SPIRITS,STIRRED-SPIRITS.jpg (https://dl.airtable.com/.attachments/da8432f9d4a9992b20d1bf29a78195e9/ac2aa9fc/STIRRED-SPIRITS.jpg),STIRRED-SPIRITS.jpg ,Jelena Kevic-Djurdjevic,Maki Planas Mata,Chris Kintner,Legends of Runeterra
ðŸ¤‘ Client/ Set 01 - ðŸŒŸ Released: SUMPSNIPE,SUMPSNIPE,SUMPSNIPE.jpg (https://dl.airtable.com/.attachments/871d16ccd197f7cf73d6ad98f72cd15f/98122bfe/SUMPSNIPE.jpg),SUMPSNIPE.jpg ,Jelena Kevic-Djurdjevic,Claudiu-Antoniu Magherusan,Claudiu-Antoniu Magherusan,Legends of Runeterra
ðŸ¤‘ Client/ Set 01 - ðŸŒŸ Released: SUMPSNIPE SCAVENGER,SUMPSNIPE SCAVENGER,SUMPSNIPE-SCAVENGER.jpg (https://dl.airtable.com/.attachments/148762718eda48326cc936d4408d02f7/3048181c/SUMPSNIPE-SCAVENGER.jpg),SUMPSNIPE-SCAVENGER.jpg ,Jelena Kevic-Djurdjevic,Alessandro Poli,"Chris Kintner,Alessandro Poli",Legends of Runeterra
ðŸ¤‘ Client/ Set 01 - ðŸŒŸ Released: T-HEX,T-HEX,T-HEX.jpg (https://dl.airtable.com/.attachments/69827f959b018ff0c808385a791d6b46/8cb28fb0/T-HEX.jpg),T-HEX.jpg ,Jelena Kevic-Djurdjevic,Michal Ivan,"Valentin Gloaguen,Gerald Parel",Legends of Runeterra
ðŸ¤‘ Client/ Set 01 - ðŸŒŸ Released: TEEMO LEVEL 01,TEEMO LEVEL 01,TEEMO.jpg (https://dl.airtable.com/.attachments/a9ce1668822a5d82626edddddcf2429e/5c5bf381/TEEMO.jpg),TEEMO.jpg ,Jelena Kevic-Djurdjevic,HÃ¶gni Jarleivur Mohr,"Alessandro Poli,HÃ¶gni Jarleivur Mohr",Legends of Runeterra
ðŸ¤‘ Client/ Set 01 - ðŸŒŸ Released: TEEMO LEVEL 02,TEEMO LEVEL 02,TEEMO-L02.jpg (https://dl.airtable.com/.attachments/3abad471283ce5bf55148b24db9e0612/4cabab18/TEEMO-L02.jpg),TEEMO-L02.jpg ,Jelena Kevic-Djurdjevic,Alessandro Poli,Alessandro Poli,Legends of Runeterra
ðŸ¤‘ Client/ Set 01 - ðŸŒŸ Released: THE REKINDLER,THE REKINDLER,THE-REKINDLER.jpg (https://dl.airtable.com/.attachments/11af5193e3377cbe30877c8e7affe6be/942507e2/THE-REKINDLER.jpg),THE-REKINDLER.jpg ,Jelena Kevic-Djurdjevic,Claudiu-Antoniu Magherusan,"Chris Kintner,Claudiu-Antoniu Magherusan",Legends of Runeterra
ðŸ¤‘ Client/ Set 01 - ðŸŒŸ Released: THEY WHO ENDURE,THEY WHO ENDURE,THEY-WHO-ENDURE.jpg (https://dl.airtable.com/.attachments/6727d9b466fcccebe8aa85e5b5211d33/635ff68d/THEY-WHO-ENDURE.jpg),THEY-WHO-ENDURE.jpg ,Jelena Kevic-Djurdjevic,Monika Palosz,"Michal Ivan,Monika Palosz",Legends of Runeterra
ðŸ¤‘ Client/ Set 01 - ðŸŒŸ Released: THRESH LEVEL 01,THRESH LEVEL 01,THRESH-L01.jpg (https://dl.airtable.com/.attachments/50771b8e3acabf85c204317126d74d9c/2a349def/THRESH-L01.jpg),THRESH-L01.jpg ,Jelena Kevic-Djurdjevic,Michal Ivan,"Zheng Qu,Alessandro Poli,Gerald Parel",Legends of Runeterra
ðŸ¤‘ Client/ Set 01 - ðŸŒŸ Released: THRESH LEVEL 02,THRESH LEVEL 02,THRESH.jpg (https://dl.airtable.com/.attachments/337c4cb5a385c35f974925fb50ea59b2/feb12849/THRESH.jpg),THRESH.jpg ,Jelena Kevic-Djurdjevic,Maki Planas Mata,Michal Ivan,Legends of Runeterra
ðŸ¤‘ Client/ Set 01 - ðŸŒŸ Released: TIANNA CROWNGUARD,TIANNA CROWNGUARD,TIANNA-CROWNGUARD.jpg (https://dl.airtable.com/.attachments/afa5f5ddb2df8a52ad1c908021b763c0/735e328d/TIANNA-CROWNGUARD.jpg),TIANNA-CROWNGUARD.jpg ,Jelena Kevic-Djurdjevic,Maki Planas Mata,"Alessandro Poli,Jelena Kevic-Djurdjevic",Legends of Runeterra
ðŸ¤‘ Client/ Set 01 - ðŸŒŸ Released: TORTURED PRODIGY,TORTURED PRODIGY,TORTURED-PRODIGY.jpg (https://dl.airtable.com/.attachments/3fd9c1af114cd7df300e974903d3b0fe/437418ca/TORTURED-PRODIGY.jpg),TORTURED-PRODIGY.jpg ,Jelena Kevic-Djurdjevic,Gerald Parel,Gerald Parel,Legends of Runeterra
ðŸ¤‘ Client/ Set 01 - ðŸŒŸ Released: TRIFARIAN ASSESSOR,TRIFARIAN ASSESSOR,TRIFARIAN-ASSESSOR.jpg (https://dl.airtable.com/.attachments/ea7cfd7ca510e026363bde03115eeef9/3bf8c38b/TRIFARIAN-ASSESSOR.jpg),TRIFARIAN-ASSESSOR.jpg ,Jelena Kevic-Djurdjevic,Gerald Parel,"Hugo Lam,Chris Kintner,Gerald Parel",Legends of Runeterra
ðŸ¤‘ Client/ Set 01 - ðŸŒŸ Released: TRIFARIAN GLORYSEEKER,TRIFARIAN GLORYSEEKER,TRIFARIAN-GLORY-HUNTER.jpg (https://dl.airtable.com/.attachments/3661b683cbfeb3336dc574fac4743187/33503133/TRIFARIAN-GLORY-HUNTER.jpg),TRIFARIAN-GLORY-HUNTER.jpg ,Jelena Kevic-Djurdjevic,Monika Palosz,Gerald Parel,Legends of Runeterra
ðŸ¤‘ Client/ Set 01 - ðŸŒŸ Released: TRIFARIAN HOPEFUL,TRIFARIAN HOPEFUL,NOXKRI-ASPIRANT.jpg (https://dl.airtable.com/.attachments/718722e4a54399ce125ffcda615628af/ce2726e0/NOXKRI-ASPIRANT.jpg),NOXKRI-ASPIRANT.jpg ,Jelena Kevic-Djurdjevic,Maki Planas Mata,HÃ¶gni Jarleivur Mohr,Legends of Runeterra
ðŸ¤‘ Client/ Set 01 - ðŸŒŸ Released: TROOP OF ELNUKS,TROOP OF ELNUKS,TROOP-OF-ELNUKS.jpg (https://dl.airtable.com/.attachments/c877043512a59bd3b298693616edd259/c5a5fef4/TROOP-OF-ELNUKS.jpg),TROOP-OF-ELNUKS.jpg ,Jelena Kevic-Djurdjevic,Monika Palosz,Michal Ivan,Legends of Runeterra
ðŸ¤‘ Client/ Set 01 - ðŸŒŸ Released: TRYNDAMERE LEVEL 01,TRYNDAMERE LEVEL 01,TRYNDAMERE-L01.jpg (https://dl.airtable.com/.attachments/d59c3aec58f3c2cc73270ee75d8c74cc/14c36edf/TRYNDAMERE-L01.jpg),TRYNDAMERE-L01.jpg ,Jelena Kevic-Djurdjevic,Claudiu-Antoniu Magherusan,"Valentin Gloaguen,Hugo Lam,Claudiu-Antoniu Magherusan",Legends of Runeterra
ðŸ¤‘ Client/ Set 01 - ðŸŒŸ Released: TRYNDAMERE LEVEL 02,TRYNDAMERE LEVEL 02,TRYNDAMERE.jpg (https://dl.airtable.com/.attachments/195b49521967e34b97e24f2d261f3f45/d28f4485/TRYNDAMERE.jpg),TRYNDAMERE.jpg ,Jelena Kevic-Djurdjevic,Michal Ivan,"Jelena Kevic-Djurdjevic,Gerald Parel,Maki Planas Mata,Claudiu-Antoniu Magherusan",Legends of Runeterra
ðŸ¤‘ Client/ Set 01 - ðŸŒŸ Released: UNSCARRED REAVER,UNSCARRED REAVER,UNSCARRED-REAVER.jpg (https://dl.airtable.com/.attachments/3e685d5a45c86a36cbe4be5cd33428cf/5c6a1d87/UNSCARRED-REAVER.jpg),UNSCARRED-REAVER.jpg ,Jelena Kevic-Djurdjevic,Gerald Parel,"Claudiu-Antoniu Magherusan,Monika Palosz,Gerald Parel",Legends of Runeterra
ðŸ¤‘ Client/ Set 01 - ðŸŒŸ Released: UNSTABLE VOLTICIAN,UNSTABLE VOLTICIAN,ELECTRO-CHANNELER.jpg (https://dl.airtable.com/.attachments/df53c7a3be812feac629227437788b98/ded5ede1/ELECTRO-CHANNELER.jpg),ELECTRO-CHANNELER.jpg ,Jelena Kevic-Djurdjevic,Gerald Parel,Gerald Parel,Legends of Runeterra
ðŸ¤‘ Client/ Set 01 - ðŸŒŸ Released: USED CASK SALESMAN,USED CASK SALESMAN,USED-CASK-SALESMAN.jpg (https://dl.airtable.com/.attachments/f1b075ad265232ad6e17842f10bc6e98/6b027cea/USED-CASK-SALESMAN.jpg),USED-CASK-SALESMAN.jpg ,Jelena Kevic-Djurdjevic,Monika Palosz,"Gerald Parel,Valentin Gloaguen,Monika Palosz",Legends of Runeterra
ðŸ¤‘ Client/ Set 01 - ðŸŒŸ Released: VALIANT SERGEANT,VALIANT SERGEANT,VALIANT-SERGEANT.jpg (https://dl.airtable.com/.attachments/4ceab269c50fcc3f194127061b31bb13/f59b627d/VALIANT-SERGEANT.jpg),VALIANT-SERGEANT.jpg ,Jelena Kevic-Djurdjevic,Maki Planas Mata,"Chris Kintner,HÃ¶gni Jarleivur Mohr,Marko Djurdjevic",Legends of Runeterra
ðŸ¤‘ Client/ Set 01 - ðŸŒŸ Released: VANGUARD BANNERMAN,VANGUARD BANNERMAN,VANGUARD-BANNERMAN.jpg (https://dl.airtable.com/.attachments/2bf1bec3cf8072b17fb506ebd4e5e6f7/03f02d3a/VANGUARD-BANNERMAN.jpg),VANGUARD-BANNERMAN.jpg ,Jelena Kevic-Djurdjevic,Monika Palosz,Monika Palosz,Legends of Runeterra
ðŸ¤‘ Client/ Set 01 - ðŸŒŸ Released: VANGUARD SQUIRE,VANGUARD SQUIRE,DEMACIA-TRAINEE.jpg (https://dl.airtable.com/.attachments/5756e2a5e0aef3d1c354741b19ecebcf/b24aeddc/DEMACIA-TRAINEE.jpg),DEMACIA-TRAINEE.jpg ,Jelena Kevic-Djurdjevic,Gerald Parel,"Claudiu-Antoniu Magherusan,Gerald Parel",Legends of Runeterra
ðŸ¤‘ Client/ Set 01 - ðŸŒŸ Released: VIGILANT WARRIOR,VIGILANT WARRIOR,VIGILANT-WARRIOR.jpg (https://dl.airtable.com/.attachments/bcdefa49c465f6afbc6a65db882b5674/915f29a1/VIGILANT-WARRIOR.jpg),VIGILANT-WARRIOR.jpg ,Jelena Kevic-Djurdjevic,Monika Palosz,Claudiu-Antoniu Magherusan,Legends of Runeterra
ðŸ¤‘ Client/ Set 01 - ðŸŒŸ Released: VILEMAW ,VILEMAW ,VILEMAW-SEPARATED.jpg (https://dl.airtable.com/.attachments/59c9f4abe9b60a6d0e2c0ab399c38a7f/a8e681cc/VILEMAW-SEPARATED.jpg),VILEMAW-SEPARATED.jpg ,Jelena Kevic-Djurdjevic,Maki Planas Mata,"Chris Kintner,Gerald Parel",Legends of Runeterra
ðŸ¤‘ Client/ Set 01 - ðŸŒŸ Released: VLADIMIR LEVEL 01,VLADIMIR LEVEL 01,,,Jelena Kevic-Djurdjevic,Michal Ivan,"Monika Palosz,Gerald Parel,Michal Ivan",Legends of Runeterra
ðŸ¤‘ Client/ Set 01 - ðŸŒŸ Released: VLADIMIR LEVEL 02,VLADIMIR LEVEL 02,VLADIMIR-L02.jpg (https://dl.airtable.com/.attachments/714bbbca7e75b4c0dee50d759cdc3d79/4c651062/VLADIMIR-L02.jpg),VLADIMIR-L02.jpg ,Jelena Kevic-Djurdjevic,Claudiu-Antoniu Magherusan,"Claudiu-Antoniu Magherusan,William Gist",Legends of Runeterra
ðŸ¤‘ Client/ Set 01 - ðŸŒŸ Released: VRYNNA THE MARAUDER,VRYNNA THE MARAUDER,VRYNNA-THE-MARAUDER.jpg (https://dl.airtable.com/.attachments/33fbc5cbfb7d4ab7b8662a1850a1e014/568c81f1/VRYNNA-THE-MARAUDER.jpg),VRYNNA-THE-MARAUDER.jpg ,Jelena Kevic-Djurdjevic,Maki Planas Mata,Jelena Kevic-Djurdjevic,Legends of Runeterra
ðŸ¤‘ Client/ Set 01 - ðŸŒŸ Released: WAR CHIEFS,WAR CHIEFS,WAR-CHEFS.jpg (https://dl.airtable.com/.attachments/f585d0d36e750c99ce67a6079c33d527/5891cb93/WAR-CHEFS.jpg),WAR-CHEFS.jpg ,Jelena Kevic-Djurdjevic,Claudiu-Antoniu Magherusan,HÃ¶gni Jarleivur Mohr,Legends of Runeterra
ðŸ¤‘ Client/ Set 01 - ðŸŒŸ Released: WARDEN'S PREY,WARDEN'S PREY,WARDEN-S-PREY.jpg (https://dl.airtable.com/.attachments/140e2e7ceed6d29de7d0dc3572dd50ff/30067e35/WARDEN-S-PREY.jpg),WARDEN-S-PREY.jpg ,Jelena Kevic-Djurdjevic,Marko Djurdjevic,"Jelena Kevic-Djurdjevic,Gerald Parel",Legends of Runeterra
ðŸ¤‘ Client/ Set 01 - ðŸŒŸ Released: WIND SAGE,WIND SAGE,WIND-SAGE.jpg (https://dl.airtable.com/.attachments/4b1f142574814abfe924eac5628db0fc/9266f61e/WIND-SAGE.jpg),WIND-SAGE.jpg ,Jelena Kevic-Djurdjevic,Marko Djurdjevic,Michal Ivan,Legends of Runeterra
ðŸ¤‘ Client/ Set 01 - ðŸŒŸ Released: WINDFARER HATCHLING,WINDFARER HATCHLING,WINDFARER-HATCHLING.jpg (https://dl.airtable.com/.attachments/27b8201fc841aa9afc809ddcba9a4d64/213a245b/WINDFARER-HATCHLING.jpg),WINDFARER-HATCHLING.jpg ,Jelena Kevic-Djurdjevic,Monika Palosz,"Alessandro Poli,Monika Palosz",Legends of Runeterra
ðŸ¤‘ Client/ Set 01 - ðŸŒŸ Released: WRAITHCALLER,WRAITHCALLER,SHRIEKING-WRAITH.jpg (https://dl.airtable.com/.attachments/d40e2fb0ec3fad3618ee0eee45f22ce5/fe019c63/SHRIEKING-WRAITH.jpg),SHRIEKING-WRAITH.jpg ,Jelena Kevic-Djurdjevic,Gerald Parel,"Jelena Kevic-Djurdjevic,Gerald Parel",Legends of Runeterra
ðŸ¤‘ Client/ Set 01 - ðŸŒŸ Released: WYRDING STONES,WYRDING STONES,WYRDING-STONES.jpg (https://dl.airtable.com/.attachments/a8b8c676bc34c720c9600a22fbdcc745/0805580c/WYRDING-STONES.jpg),WYRDING-STONES.jpg ,Jelena Kevic-Djurdjevic,Monika Palosz,"William Gist,HÃ¶gni Jarleivur Mohr",Legends of Runeterra
ðŸ¤‘ Client/ Set 01 - ðŸŒŸ Released: YASUO LEVEL 01,YASUO LEVEL 01,YASUO-L01.jpg (https://dl.airtable.com/.attachments/99019b43bb17fdf906f00be186781612/b8ee373f/YASUO-L01.jpg),YASUO-L01.jpg ,Jelena Kevic-Djurdjevic,Gerald Parel,Gerald Parel,Legends of Runeterra
ðŸ¤‘ Client/ Set 01 - ðŸŒŸ Released: YASUO LEVEL 02,YASUO LEVEL 02,YASUO.jpg (https://dl.airtable.com/.attachments/0897ea0209ed18e9f42ce98c5e229dcd/5bfff2e8/YASUO.jpg),YASUO.jpg ,Jelena Kevic-Djurdjevic,Alessandro Poli,"Zheng Qu,Valentin Gloaguen,Alessandro Poli",Legends of Runeterra
ðŸ¤‘ Client/ Set 01 - ðŸŒŸ Released: YETI YEARLING,YETI YEARLING,YETI-YEARLING.jpg (https://dl.airtable.com/.attachments/a376d0572a7126b06882b0e096b97d9e/f6fb1b8d/YETI-YEARLING.jpg),YETI-YEARLING.jpg ,Jelena Kevic-Djurdjevic,Alessandro Poli,Alessandro Poli,Legends of Runeterra
ðŸ¤‘ Client/ Set 01 - ðŸŒŸ Released: YORDLE WATCH,YORDLE WATCH,YORDLE-WATCH.jpg (https://dl.airtable.com/.attachments/a8870d15fcb3b5990e74b005b9eec477/5a574b29/YORDLE-WATCH.jpg),YORDLE-WATCH.jpg ,Jelena Kevic-Djurdjevic,Michal Ivan,"Chris Kintner,Alessandro Poli",Legends of Runeterra
ðŸ¤‘ Client/ Set 01 - ðŸŒŸ Released: ZED LEVEL 01,ZED LEVEL 01,ZED.jpg (https://dl.airtable.com/.attachments/3e113ce2904f41d84cf1a9f01d1c2a32/ca449507/ZED.jpg),ZED.jpg ,Jelena Kevic-Djurdjevic,Michal Ivan,Michal Ivan,Legends of Runeterra
ðŸ¤‘ Client/ Set 01 - ðŸŒŸ Released: ZED LEVEL 02,ZED LEVEL 02,ZED-L02.jpg (https://dl.airtable.com/.attachments/c9b2d18947686f566f50afa24f0e2664/464af26a/ZED-L02.jpg),ZED-L02.jpg ,Jelena Kevic-Djurdjevic,Michal Ivan,Michal Ivan,Legends of Runeterra
ðŸ¤‘ Client/ Set 02 - ðŸ‘ Ready to publish: BILGEWATER SHEET 01,BILGEWATER SHEET 01,BILG01.jpg (https://dl.airtable.com/.attachments/4fc466dc830543b707fc1c6e531db240/42d06c10/BILG01.jpg),BILG01.jpg ,Jelena Kevic-Djurdjevic,,"Claudiu-Antoniu Magherusan,Gerald Parel,Alessandro Poli",Legends of Runeterra
ðŸ¤‘ Client/ Set 02 - ðŸ‘ Ready to publish: BILGEWATER SHEET 02,BILGEWATER SHEET 02,BILG02.jpg (https://dl.airtable.com/.attachments/10c5a190c21c3eae954aa334fc41b240/ac04d9ea/BILG02.jpg),BILG02.jpg ,Jelena Kevic-Djurdjevic,,"Alessandro Poli,Valentin Gloaguen",Legends of Runeterra
ðŸ¤‘ Client/ Set 02 - ðŸ‘ Ready to publish: BILGEWATER SHEET 03,BILGEWATER SHEET 03,BILG03.jpg (https://dl.airtable.com/.attachments/dfbdb69ad6038963656bc5b07c681b83/9654627f/BILG03.jpg),BILG03.jpg ,Jelena Kevic-Djurdjevic,,Michal Ivan,Legends of Runeterra
ðŸ¤‘ Client/ Set 02 - ðŸ‘ Ready to publish: BILGEWATER SHEET 04,BILGEWATER SHEET 04,BILG04.jpg (https://dl.airtable.com/.attachments/90709e3f3a9c25be91ff9cd796f95a2b/b011bea9/BILG04.jpg),BILG04.jpg ,Jelena Kevic-Djurdjevic,,Michal Ivan,Legends of Runeterra
ðŸ¤‘ Client/ Set 02 - ðŸ‘ Ready to publish: BILGEWATER SHEET 05,BILGEWATER SHEET 05,BILG05.jpg (https://dl.airtable.com/.attachments/167c05840239e21441d4118dc71f4bdc/cd9909e0/BILG05.jpg),BILG05.jpg ,Jelena Kevic-Djurdjevic,,"Monika Palosz,Michal Ivan",Legends of Runeterra
ðŸ¤‘ Client/ Set 02 - ðŸ‘ Ready to publish: BILGEWATER SHEET 06,BILGEWATER SHEET 06,BILG06.jpg (https://dl.airtable.com/.attachments/3b8392cbf43b736f3efcc396dcc2c27d/eae76e07/BILG06.jpg),BILG06.jpg ,Jelena Kevic-Djurdjevic,,"Hugo Lam,Claudiu-Antoniu Magherusan",Legends of Runeterra
ðŸ¤‘ Client/ Set 02 - ðŸ‘ Ready to publish: BILGEWATER SHEET 07,BILGEWATER SHEET 07,BILG07.jpg (https://dl.airtable.com/.attachments/4506c20061cdbf7ed2c88df8f2fb0756/84169ade/BILG07.jpg),BILG07.jpg ,Jelena Kevic-Djurdjevic,,Claudiu-Antoniu Magherusan,Legends of Runeterra
ðŸ¤‘ Client/ Set 02 - ðŸ‘ Ready to publish: BILGEWATER SHEET 08,BILGEWATER SHEET 08,BILG08.jpg (https://dl.airtable.com/.attachments/a8f60f805240b572e887562a09078149/e1e6e9eb/BILG08.jpg),BILG08.jpg ,Jelena Kevic-Djurdjevic,,Claudiu-Antoniu Magherusan,Legends of Runeterra
ðŸ¤‘ Client/ Set 02 - ðŸ‘ Ready to publish: BLACK MARKET MERCHANT,BLACK MARKET MERCHANT,"BLACK-MARKET-MERCHANT-SKETCH.jpg (https://dl.airtable.com/.attachments/78e6402c001d9ecb9eaacbc1452176c6/b38b7d03/BLACK-MARKET-MERCHANT-SKETCH.jpg),BLACK-MARKET-MERCHANT.jpg (https://dl.airtable.com/.attachments/41b4ed98ea33b06089ab6bc1e25c90b2/9dac682e/BLACK-MARKET-MERCHANT.jpg)",BLACK-MARKET-MERCHANT-SKETCH.jpg ,Jelena Kevic-Djurdjevic,William Bao,"Valentin Gloaguen,Monika Palosz,Alessandro Poli,William Bao",Legends of Runeterra
ðŸ¤‘ Client/ Set 02 - ðŸ‘ Ready to publish: BOUNTY HUNTER,BOUNTY HUNTER,"BOUNTY-HUNTER-SKETCH.jpg (https://dl.airtable.com/.attachments/5cab8f3621d1b1228a6faa4fbfd4e173/60003f46/BOUNTY-HUNTER-SKETCH.jpg),BOUNTY-HUNTER.jpg (https://dl.airtable.com/.attachments/90f186c5a5b1afedba625979d8596d5f/7cd06371/BOUNTY-HUNTER.jpg)",BOUNTY-HUNTER-SKETCH.jpg ,Jelena Kevic-Djurdjevic,Alessandro Poli,"Monika Palosz,Joao David Fernandez,Alessandro Poli",Legends of Runeterra
ðŸ¤‘ Client/ Set 02 - ðŸ‘ Ready to publish: CHIEF MECHANIST ZEVI,CHIEF MECHANIST ZEVI,"CHIEF-MECHANIST-ZEVI-SKETCH.jpg (https://dl.airtable.com/.attachments/c76fca9b86a39a0a08c8dc0a1464bacb/2599e133/CHIEF-MECHANIST-ZEVI-SKETCH.jpg),CHIEF-MECHANIST-ZEVI.jpg (https://dl.airtable.com/.attachments/06b2fdc199e1a8e3fdb8dcdc263233bb/87dd5932/CHIEF-MECHANIST-ZEVI.jpg)",CHIEF-MECHANIST-ZEVI-SKETCH.jpg ,Jelena Kevic-Djurdjevic,Chris Kintner,"Gerald Parel,Claudiu-Antoniu Magherusan,Chris Kintner",Legends of Runeterra
ðŸ¤‘ Client/ Set 02 - ðŸ‘ Ready to publish: CITRUS COURIER,CITRUS COURIER,CITRUS-COURIER.png (https://dl.airtable.com/.attachments/6d786b5adb26a98084b140e71f0373de/cf8d6e06/CITRUS-COURIER.png),CITRUS-COURIER.png ,Jelena Kevic-Djurdjevic,Gerald Parel,"Esben Rasmussent,Valentin Gloaguen",Legends of Runeterra
ðŸ¤‘ Client/ Set 02 - ðŸ‘ Ready to publish: CLAWS OF THE DRAGON,CLAWS OF THE DRAGON,"CLAWS-OF-THE-DRAGON-SKETCH.jpg (https://dl.airtable.com/.attachments/90f497fe1ccba81f6a99277a484587a8/7d2df284/CLAWS-OF-THE-DRAGON-SKETCH.jpg),CLAWS-OF-THE-DRAGON.jpg (https://dl.airtable.com/.attachments/4d200df6fa61568e8f12c6c85a0956ad/72e1ae02/CLAWS-OF-THE-DRAGON.jpg)",CLAWS-OF-THE-DRAGON-SKETCH.jpg ,Jelena Kevic-Djurdjevic,Gerald Parel,"Joao David Fernandez,Gerald Parel,Valentin Gloaguen,Alessandro Poli",Legends of Runeterra
ðŸ¤‘ Client/ Set 02 - ðŸ‘ Ready to publish: CRACKSHOT CORSAIR,CRACKSHOT CORSAIR,"CRACKSHOT-CORSAIR-SKETCH.jpg (https://dl.airtable.com/.attachments/618541ecd831319c16d197c606d04f84/33f570cf/CRACKSHOT-CORSAIR-SKETCH.jpg),CRACKSHOT-CORSAIR.jpg (https://dl.airtable.com/.attachments/b5b56e100df42a6e182f5110cf5b2024/b52fd556/CRACKSHOT-CORSAIR.jpg)",CRACKSHOT-CORSAIR-SKETCH.jpg ,Jelena Kevic-Djurdjevic,Valentin Gloaguen,"Gerald Parel,Valentin Gloaguen",Legends of Runeterra
ðŸ¤‘ Client/ Set 02 - ðŸ‘ Ready to publish: FIRESTARTER,FIRESTARTER,"FIRESTARTER-SKETCH.jpg (https://dl.airtable.com/.attachments/47832fb29bcef579b67424d4bb10bd7f/4920b00d/FIRESTARTER-SKETCH.jpg),FIRESTARTER.jpg (https://dl.airtable.com/.attachments/8eec27ed52f716a661c85b86484b9dac/1e1f4336/FIRESTARTER.jpg)",FIRESTARTER-SKETCH.jpg ,Jelena Kevic-Djurdjevic,Michal Ivan,Michal Ivan,Legends of Runeterra
ðŸ¤‘ Client/ Set 02 - ðŸ‘ Ready to publish: FIZZ & LONGTOOTH KEY ART,FIZZ & LONGTOOTH KEY ART,,,Jelena Kevic-Djurdjevic,Monika Palosz,"Zheng Qu,William Bao,Alessandro Poli",Legends of Runeterra
ðŸ¤‘ Client/ Set 02 - ðŸ‘ Ready to publish: FIZZ KEY ART,FIZZ KEY ART,,,Jelena Kevic-Djurdjevic,Gerald Parel,Alessandro Poli,Legends of Runeterra
ðŸ¤‘ Client/ Set 02 - ðŸ‘ Ready to publish: FIZZ LEVEL 01,FIZZ LEVEL 01,FIZZ-LEVEL-01.jpg (https://dl.airtable.com/.attachments/81e57ea18eb8fd361a79498fb9ea61e8/42f3d94b/FIZZ-LEVEL-01.jpg),FIZZ-LEVEL-01.jpg ,Jelena Kevic-Djurdjevic,Alessandro Poli,"Zheng Qu,Monika Palosz,Alessandro Poli",Legends of Runeterra
ðŸ¤‘ Client/ Set 02 - ðŸ‘ Ready to publish: FIZZ LEVEL 02,FIZZ LEVEL 02,"FIZZ-LEVEL-02-SKETCH.jpg (https://dl.airtable.com/.attachments/92b008658d180187173cf66ce3b3f6ab/c0c04b11/FIZZ-LEVEL-02-SKETCH.jpg),FIZZ-LEVEL-02.jpg (https://dl.airtable.com/.attachments/3f1b4f32b82b6ac9647ca43ad69c0acd/8b6926b7/FIZZ-LEVEL-02.jpg)",FIZZ-LEVEL-02-SKETCH.jpg ,Jelena Kevic-Djurdjevic,Alessandro Poli,"Gerald Parel,Alessandro Poli",Legends of Runeterra
ðŸ¤‘ Client/ Set 02 - ðŸ‘ Ready to publish: GANGPLANK LEVEL 01,GANGPLANK LEVEL 01,"GANGPLANK-LEVEL-01-SKETCH.jpg (https://dl.airtable.com/.attachments/16ce9a617df27fd4b506ca0c6def1582/e2404a92/GANGPLANK-LEVEL-01-SKETCH.jpg),GANGPLANK-LEVEL-01.png (https://dl.airtable.com/.attachments/eac5927947ffa86127882375c2abf9c0/be218708/GANGPLANK-LEVEL-01.png)",GANGPLANK-LEVEL-01-SKETCH.jpg ,Jelena Kevic-Djurdjevic,William Gist,"Gerald Parel,Claudiu-Antoniu Magherusan,William Gist",Legends of Runeterra
ðŸ¤‘ Client/ Set 02 - ðŸ‘ Ready to publish: GANGPLANK LEVEL 02,GANGPLANK LEVEL 02,"GANGPLANK-LEVEL-02-SKETCH.jpg (https://dl.airtable.com/.attachments/10aa58b1ca484a1870a81ec00b2efe1e/e1ebd5a6/GANGPLANK-LEVEL-02-SKETCH.jpg),GANGPLANK-LEVEL-02.jpg (https://dl.airtable.com/.attachments/f98e69ea0018cc4085192ed3086d9a96/b26e6e72/GANGPLANK-LEVEL-02.jpg)",GANGPLANK-LEVEL-02-SKETCH.jpg ,Jelena Kevic-Djurdjevic,Gerald Parel,"Chris Kintner,Valentin Gloaguen,Gerald Parel",Legends of Runeterra
ðŸ¤‘ Client/ Set 02 - ðŸ‘ Ready to publish: GENEVIEVE ELMHEART,GENEVIEVE ELMHEART,GENEVIEVE-ELMHEART.jpg (https://dl.airtable.com/.attachments/c917302746f19b465c832f6c2883963f/59fba3ff/GENEVIEVE-ELMHEART.jpg),GENEVIEVE-ELMHEART.jpg ,Jelena Kevic-Djurdjevic,Michal Ivan,"William Bao,Hugo Lam,Gerald Parel,Michal Ivan",Legends of Runeterra
ðŸ¤‘ Client/ Set 02 - ðŸ‘ Ready to publish: GOLDEN NARWHAL,GOLDEN NARWHAL,"GOLDEN-NARWHAL-SKETCH.jpg (https://dl.airtable.com/.attachments/ba46dad6b53b270a249d91665adbdcb7/e8387a7c/GOLDEN-NARWHAL-SKETCH.jpg),GOLDEN-NARWHAL.jpg (https://dl.airtable.com/.attachments/b61a7f523c9ddea047f1692533774719/e40dd224/GOLDEN-NARWHAL.jpg)",GOLDEN-NARWHAL-SKETCH.jpg ,Jelena Kevic-Djurdjevic,William Gist,"Monika Palosz,Michal Ivan,William Gist",Legends of Runeterra
ðŸ¤‘ Client/ Set 02 - ðŸ‘ Ready to publish: GREATHORN COMPANION,GREATHORN COMPANION,GREATHORN-COMPANION.jpg (https://dl.airtable.com/.attachments/f6d339548e6497e5f7615d5e631346c2/f8795a4b/GREATHORN-COMPANION.jpg),GREATHORN-COMPANION.jpg ,Jelena Kevic-Djurdjevic,Michal Ivan,"Gerald Parel,Michal Ivan",Legends of Runeterra
ðŸ¤‘ Client/ Set 02 - ðŸ‘ Ready to publish: GRIZZLED RANGER,GRIZZLED RANGER,GRIZZLED-RANGER.jpg (https://dl.airtable.com/.attachments/6929ca09829ba01ecbc54e3f3c542799/fe3d98f0/GRIZZLED-RANGER.jpg),GRIZZLED-RANGER.jpg ,Jelena Kevic-Djurdjevic,Joao David Fernandez,"Michal Ivan,Joao David Fernandez",Legends of Runeterra
ðŸ¤‘ Client/ Set 02 - ðŸ‘ Ready to publish: HUNTING FLEET,HUNTING FLEET,"HUNTING-FLEET-SKETCH.jpg (https://dl.airtable.com/.attachments/92e5f0818f8a3d9264be4b844d638609/283b48a3/HUNTING-FLEET-SKETCH.jpg),HUNTING-FLEET.jpg (https://dl.airtable.com/.attachments/a079ca59303a5a9f59924cea43643fea/4a42a012/HUNTING-FLEET.jpg)",HUNTING-FLEET-SKETCH.jpg ,Jelena Kevic-Djurdjevic,William Gist,"Monika Palosz,William Gist",Legends of Runeterra
ðŸ¤‘ Client/ Set 02 - ðŸ‘ Ready to publish: INSIGHTFUL INVESTIGATOR,INSIGHTFUL INVESTIGATOR,"INSIGHTFUL-INVESTIGATOR-SKETCH.jpg (https://dl.airtable.com/.attachments/72d880641152f9a51de7716410fe4b9c/a10f25bc/INSIGHTFUL-INVESTIGATOR-SKETCH.jpg),INSIGHTFUL-INVESTIGATOR.jpg (https://dl.airtable.com/.attachments/f55a4cc75ce075dcd3872ea06cda5863/8a300672/INSIGHTFUL-INVESTIGATOR.jpg)",INSIGHTFUL-INVESTIGATOR-SKETCH.jpg ,Jelena Kevic-Djurdjevic,Gerald Parel,"Valentin Gloaguen,Gerald Parel",Legends of Runeterra
ðŸ¤‘ Client/ Set 02 - ðŸ‘ Ready to publish: LEE SIN KEY ART,LEE SIN KEY ART,,,Jelena Kevic-Djurdjevic,Claudiu-Antoniu Magherusan,,Legends of Runeterra
ðŸ¤‘ Client/ Set 02 - ðŸ‘ Ready to publish: LEE SIN LEVEL 01,LEE SIN LEVEL 01,"LEE-SIN-LEVEL-01-SKETCH.jpg (https://dl.airtable.com/.attachments/544136b4a4bd12ec6333499fae696768/c18577e0/LEE-SIN-LEVEL-01-SKETCH.jpg),LEE-SIN-LEVEL-01.jpg (https://dl.airtable.com/.attachments/8a2cf5a6e8570677d207c81012a3a6a0/9369e2b7/LEE-SIN-LEVEL-01.jpg)",LEE-SIN-LEVEL-01-SKETCH.jpg ,Jelena Kevic-Djurdjevic,"Claudiu-Antoniu Magherusan,Maki Planas Mata",Nico Lee Lazarus,Legends of Runeterra
ðŸ¤‘ Client/ Set 02 - ðŸ‘ Ready to publish: LEE SIN LEVEL 02,LEE SIN LEVEL 02,LEE-SIN-LEVEL-02.jpg (https://dl.airtable.com/.attachments/0f728a00f7a30658ea52b0a6b982a25e/79620c06/LEE-SIN-LEVEL-02.jpg),LEE-SIN-LEVEL-02.jpg ,Jelena Kevic-Djurdjevic,Claudiu-Antoniu Magherusan,"Monika Palosz,Gerald Parel,Claudiu-Antoniu Magherusan",Legends of Runeterra
ðŸ¤‘ Client/ Set 02 - ðŸ‘ Ready to publish: LONGTOOTH,LONGTOOTH,"LONGTOOTH-SKETCH.jpg (https://dl.airtable.com/.attachments/9126ea9e09114411a51a0e01f6390434/a3b7808f/LONGTOOTH-SKETCH.jpg),LONGTOOTH.jpg (https://dl.airtable.com/.attachments/74be5e7c4fa00dec1eb51f8f03ddd5c5/50a9c059/LONGTOOTH.jpg)",LONGTOOTH-SKETCH.jpg ,Jelena Kevic-Djurdjevic,Alessandro Poli,Alessandro Poli,Legends of Runeterra
ðŸ¤‘ Client/ Set 02 - ðŸ‘ Ready to publish: MAOKAI LEVEL 01,MAOKAI LEVEL 01,"MAOKAI-LEVEL-01-SKETCH.jpg (https://dl.airtable.com/.attachments/2e15f7c55f9511a2bfab7b26d148ac60/b8ca9c04/MAOKAI-LEVEL-01-SKETCH.jpg),MAOKAI-LEVEL-01.jpg (https://dl.airtable.com/.attachments/bc90c558c98f92972252d5d19e03bb77/cf4c2e32/MAOKAI-LEVEL-01.jpg)",MAOKAI-LEVEL-01-SKETCH.jpg ,Jelena Kevic-Djurdjevic,Claudiu-Antoniu Magherusan,Claudiu-Antoniu Magherusan,Legends of Runeterra
ðŸ¤‘ Client/ Set 02 - ðŸ‘ Ready to publish: MAOKAI LEVEL 02,MAOKAI LEVEL 02,"MAOKAI-LEVEL-02-SKETCH.jpg (https://dl.airtable.com/.attachments/0939bbba52daddb2212c5ba0f7d763a3/9db2410c/MAOKAI-LEVEL-02-SKETCH.jpg),MAOKAI-LEVEL-02.jpg (https://dl.airtable.com/.attachments/0ddc3ef4f2888e23786d8b8bf5a7de28/89f364c3/MAOKAI-LEVEL-02.jpg)",MAOKAI-LEVEL-02-SKETCH.jpg ,Jelena Kevic-Djurdjevic,Michal Ivan,Michal Ivan,Legends of Runeterra
ðŸ¤‘ Client/ Set 02 - ðŸ‘ Ready to publish: MISS FORTUNE & LARIETTE ROSE KEY ART,MISS FORTUNE & LARIETTE ROSE KEY ART,,,Jelena Kevic-Djurdjevic,Monika Palosz,Monika Palosz,Legends of Runeterra
ðŸ¤‘ Client/ Set 02 - ðŸ‘ Ready to publish: MISS FORTUNE & LEE SIN KEY ART,MISS FORTUNE & LEE SIN KEY ART,,,Jelena Kevic-Djurdjevic,,,Legends of Runeterra
ðŸ¤‘ Client/ Set 02 - ðŸ‘ Ready to publish: MISS FORTUNE KEY ART,MISS FORTUNE KEY ART,,,Jelena Kevic-Djurdjevic,,,Legends of Runeterra
ðŸ¤‘ Client/ Set 02 - ðŸ‘ Ready to publish: MISS FORTUNE LEVEL 01,MISS FORTUNE LEVEL 01,"MISS-FORTUNE-LEVEL-01-SKETCH.jpg (https://dl.airtable.com/.attachments/32b51afe7672b6478e67f54afeddf21b/0df8f922/MISS-FORTUNE-LEVEL-01-SKETCH.jpg),MISS-FORTUNE-LEVEL-01.jpg (https://dl.airtable.com/.attachments/fc04873292d365f9bb9b22879f333548/454648e0/MISS-FORTUNE-LEVEL-01.jpg)",MISS-FORTUNE-LEVEL-01-SKETCH.jpg ,Jelena Kevic-Djurdjevic,"Gerald Parel,Chris Kintner","Hugo Lam,Chris Kintner,Monika Palosz,Gerald Parel",Legends of Runeterra
ðŸ¤‘ Client/ Set 02 - ðŸ‘ Ready to publish: MISS FORTUNE LEVEL 02,MISS FORTUNE LEVEL 02,"MISSFORTUNE-LEVEL-02-SKETCH.jpg (https://dl.airtable.com/.attachments/0398d03a392e230208932fffbda5edb8/537567e5/MISSFORTUNE-LEVEL-02-SKETCH.jpg),MISS-FORTUNE-LEVEL-02.jpg (https://dl.airtable.com/.attachments/933fce2f72a3c19e3403838b212ae71c/119cd494/MISS-FORTUNE-LEVEL-02.jpg)",MISSFORTUNE-LEVEL-02-SKETCH.jpg ,Jelena Kevic-Djurdjevic,Gerald Parel,"Gerald Parel,Valentin Gloaguen",Legends of Runeterra
ðŸ¤‘ Client/ Set 02 - ðŸ‘ Ready to publish: MONSTER HUNTER SHIP,MONSTER HUNTER SHIP,JAULL-HUNTERS.jpg (https://dl.airtable.com/.attachments/e40951a9b9f3f7873f257def0a9a357c/5b6ac82c/JAULL-HUNTERS.jpg),JAULL-HUNTERS.jpg ,Jelena Kevic-Djurdjevic,Hugo Lam,"Gerald Parel,Monika Palosz,Hugo Lam",Legends of Runeterra
ðŸ¤‘ Client/ Set 02 - ðŸ‘ Ready to publish: NAUTILUS LEVEL 01,NAUTILUS LEVEL 01,"NAUTILUS-LEVEL-01-SKETCH.jpg (https://dl.airtable.com/.attachments/e8f7198fe8526ecb15c2e1d88ace9ffd/f32a296d/NAUTILUS-LEVEL-01-SKETCH.jpg),NAUTILUS-LEVEL-01.jpg (https://dl.airtable.com/.attachments/e79ce6519a0df222057ba9e153ba16a0/05a7b949/NAUTILUS-LEVEL-01.jpg)",NAUTILUS-LEVEL-01-SKETCH.jpg ,Jelena Kevic-Djurdjevic,Michal Ivan,Michal Ivan,Legends of Runeterra
ðŸ¤‘ Client/ Set 02 - ðŸ‘ Ready to publish: NAUTILUS LEVEL 02,NAUTILUS LEVEL 02,"NAUTILUS-LEVEL-02-SKETCH.jpg (https://dl.airtable.com/.attachments/46241130702f6dc557e4562cb4a85851/2a4c886d/NAUTILUS-LEVEL-02-SKETCH.jpg),NAUTILUS-LEVEL-02.jpg (https://dl.airtable.com/.attachments/bbb82be7e065852a9c62fcd73557a22a/330d0b45/NAUTILUS-LEVEL-02.jpg)",NAUTILUS-LEVEL-02-SKETCH.jpg ,Jelena Kevic-Djurdjevic,Chris Kintner,Michal Ivan,Legends of Runeterra
ðŸ¤‘ Client/ Set 02 - ðŸ‘ Ready to publish: OVERGROWN SNAPVINE,OVERGROWN SNAPVINE,"OVERGROWN-SNAPVINE-SKETCH.jpg (https://dl.airtable.com/.attachments/05100008eadeaa23349c5c6379ffb83b/edcb5764/OVERGROWN-SNAPVINE-SKETCH.jpg),OVERGROWN-SNAPVINE.jpg (https://dl.airtable.com/.attachments/caceaed18a410e19022d8ff476d773ef/bc3e38b5/OVERGROWN-SNAPVINE.jpg)",OVERGROWN-SNAPVINE-SKETCH.jpg ,Jelena Kevic-Djurdjevic,Valentin Gloaguen,"Michal Ivan,Valentin Gloaguen",Legends of Runeterra
ðŸ¤‘ Client/ Set 02 - ðŸ‘ Ready to publish: PATROL WARDENS,PATROL WARDENS,"PATROL-WARDENS-SKETCH.jpg (https://dl.airtable.com/.attachments/f2e65942ad48ea3206d9233bf66d5c15/d0f1175a/PATROL-WARDENS-SKETCH.jpg),PATROL-WARDENS.jpg (https://dl.airtable.com/.attachments/3e8b3cbb7f5a580155ace98949342c34/9b4fd354/PATROL-WARDENS.jpg)",PATROL-WARDENS-SKETCH.jpg ,Jelena Kevic-Djurdjevic,Gerald Parel,"William Bao,Gerald Parel",Legends of Runeterra
ðŸ¤‘ Client/ Set 02 - ðŸ‘ Ready to publish: PETTY OFFICER,PETTY OFFICER,"PETTY-OFFICER-SKETCH.jpg (https://dl.airtable.com/.attachments/87ae96981711ee833a9d5002708a7972/f823a185/PETTY-OFFICER-SKETCH.jpg),FIRST-MATE.jpg (https://dl.airtable.com/.attachments/eb42f410aaf6f03f236d68e63ff03f47/7acab241/FIRST-MATE.jpg)",PETTY-OFFICER-SKETCH.jpg ,Jelena Kevic-Djurdjevic,Hugo Lam,"Claudiu-Antoniu Magherusan,Gerald Parel,Monika Palosz,Hugo Lam",Legends of Runeterra
ðŸ¤‘ Client/ Set 02 - ðŸ‘ Ready to publish: PLUNDER PORO,PLUNDER PORO,"PLUNDER-PORO-SKETCH.jpg (https://dl.airtable.com/.attachments/33758f90ddb610a0c9efe3fbbaefbab5/dd978d72/PLUNDER-PORO-SKETCH.jpg),PLUNDER-PORO.jpg (https://dl.airtable.com/.attachments/1716d4051ee34bc2acfedf14f50d609d/5544798f/PLUNDER-PORO.jpg)",PLUNDER-PORO-SKETCH.jpg ,Jelena Kevic-Djurdjevic,William Gist,"Chris Kintner,Valentin Gloaguen,William Gist",Legends of Runeterra
ðŸ¤‘ Client/ Set 02 - ðŸ‘ Ready to publish: PROWLING CUTTHROAT,PROWLING CUTTHROAT,"PROWLING-CUTTHROAT-SKETCH.jpg (https://dl.airtable.com/.attachments/c5c343ff5e7e8987350d0a7b6ab40b91/9997aa0b/PROWLING-CUTTHROAT-SKETCH.jpg),PROWLING-CUTTHROAT.jpg (https://dl.airtable.com/.attachments/6de1ea18517acdb8d6cc5155b03c90dc/009d6344/PROWLING-CUTTHROAT.jpg)",PROWLING-CUTTHROAT-SKETCH.jpg ,Jelena Kevic-Djurdjevic,"Gerald Parel,Valentin Gloaguen","Gerald Parel,Valentin Gloaguen",Legends of Runeterra
ðŸ¤‘ Client/ Set 02 - ðŸ‘ Ready to publish: QUINN LEVEL 01,QUINN LEVEL 01,"QUINN-LEVEL-01-SKETCH.jpg (https://dl.airtable.com/.attachments/23ead3eeed428545e09dd0da0f5f065a/7ed74f08/QUINN-LEVEL-01-SKETCH.jpg),QUINN-LEVEL-01.jpg (https://dl.airtable.com/.attachments/a7bec4b3125d6fba6591288e1fb0474e/79ee4f88/QUINN-LEVEL-01.jpg)",QUINN-LEVEL-01-SKETCH.jpg ,Jelena Kevic-Djurdjevic,Marko Djurdjevic,Monika Palosz,Legends of Runeterra
ðŸ¤‘ Client/ Set 02 - ðŸ‘ Ready to publish: QUINN LEVEL 02,QUINN LEVEL 02,"QUINN-LEVEL-02-SKETCH.jpg (https://dl.airtable.com/.attachments/4eaf57ecf21db90bf79b5563d3ba111b/2a9101de/QUINN-LEVEL-02-SKETCH.jpg),VALOR.jpg (https://dl.airtable.com/.attachments/23d2017fa5f63fcf2751d5d5358cbd43/104ab78c/VALOR.jpg)",QUINN-LEVEL-02-SKETCH.jpg ,Jelena Kevic-Djurdjevic,Monika Palosz,"Jelena Kevic Djurdjevic,Michal Ivan,Monika Palosz",Legends of Runeterra
ðŸ¤‘ Client/ Set 02 - ðŸ‘ Ready to publish: SCALES OF THE DRAGON,SCALES OF THE DRAGON,SCALES-OF-THE-DRAGON.jpg (https://dl.airtable.com/.attachments/a5308a5ea6f290a6403b9e562aaf55a2/bc267264/SCALES-OF-THE-DRAGON.jpg),SCALES-OF-THE-DRAGON.jpg ,Jelena Kevic-Djurdjevic,Joao David Fernandez,"Michal Ivan,Gerald Parel",Legends of Runeterra
ðŸ¤‘ Client/ Set 02 - ðŸ‘ Ready to publish: SEJUANI LEVEL 01,SEJUANI LEVEL 01,SEJUANI-LEVEL-01.png (https://dl.airtable.com/.attachments/0dff48b98a098357a9f904014fa5396a/e5d9bc4a/SEJUANI-LEVEL-01.png),SEJUANI-LEVEL-01.png ,Jelena Kevic-Djurdjevic,Monika Palosz,"William Gist,Monika Palosz",Legends of Runeterra
ðŸ¤‘ Client/ Set 02 - ðŸ‘ Ready to publish: SEJUANI LEVEL 02,SEJUANI LEVEL 02,"SEJUANI-LEVEL-02-SKETCH.jpg (https://dl.airtable.com/.attachments/d9d627c8456000bb42c30129dbf27391/9f741fc0/SEJUANI-LEVEL-02-SKETCH.jpg),SEJUANI-LEVEL-02.jpg (https://dl.airtable.com/.attachments/4983aa08e8cd8fbcf433a58ea233dc95/e60bb1d6/SEJUANI-LEVEL-02.jpg)",SEJUANI-LEVEL-02-SKETCH.jpg ,Jelena Kevic-Djurdjevic,Monika Palosz,"Gerald Parel,Monika Palosz",Legends of Runeterra
ðŸ¤‘ Client/ Set 02 - ðŸ‘ Ready to publish: SHERIFF LARIETTE ROSE,SHERIFF LARIETTE ROSE,"LARIETTE-ROSE-SKETCH.jpg (https://dl.airtable.com/.attachments/628c9adbac0419f4f1cb7b2a60f9e23c/7d189baa/LARIETTE-ROSE-SKETCH.jpg),SHERIFF-LARIETTE-ROSE.jpg (https://dl.airtable.com/.attachments/2cf678148d5e10d7c340736853d39b6e/03311b72/SHERIFF-LARIETTE-ROSE.jpg)",LARIETTE-ROSE-SKETCH.jpg ,Jelena Kevic-Djurdjevic,Claudiu-Antoniu Magherusan,"Nico Lee Lazarus,Claudiu-Antoniu Magherusan",Legends of Runeterra
ðŸ¤‘ Client/ Set 02 - ðŸ‘ Ready to publish: SUBPURRSIBLE,SUBPURRSIBLE,"SUBPURRSIBLE-SKETCH.jpg (https://dl.airtable.com/.attachments/9f86bc004e48683c27bea94399a8d0e7/cc09ab25/SUBPURRSIBLE-SKETCH.jpg),SUBPURRSIBLE.jpg (https://dl.airtable.com/.attachments/f53b7206155d13d16d6e7c1e7de508b7/0d95f7d3/SUBPURRSIBLE.jpg)",SUBPURRSIBLE-SKETCH.jpg ,Jelena Kevic-Djurdjevic,Hugo Lam,Hugo Lam,Legends of Runeterra
ðŸ¤‘ Client/ Set 02 - ðŸ‘ Ready to publish: SWAIN KEY ART,SWAIN KEY ART,,,Jelena Kevic-Djurdjevic,,,Legends of Runeterra
ðŸ¤‘ Client/ Set 02 - ðŸ‘ Ready to publish: SWAIN LEVEL 01,SWAIN LEVEL 01,"SWAIN-LEVEL-01-SKETCH.jpg (https://dl.airtable.com/.attachments/ab21472f036d53ba879295cdd3ed0d24/500de507/SWAIN-LEVEL-01-SKETCH.jpg),SWAIN-LEVEL-01.jpg (https://dl.airtable.com/.attachments/ae2022cfb97937724e9e30f5dae73420/754f16cb/SWAIN-LEVEL-01.jpg)",SWAIN-LEVEL-01-SKETCH.jpg ,Jelena Kevic-Djurdjevic,Michal Ivan,Michal Ivan,Legends of Runeterra
ðŸ¤‘ Client/ Set 02 - ðŸ‘ Ready to publish: SWAIN LEVEL 02,SWAIN LEVEL 02,SWAIN-LEVEL-02.jpg (https://dl.airtable.com/.attachments/61f57fb1cb5bed3018b6d181131fddf9/dc6758bb/SWAIN-LEVEL-02.jpg),SWAIN-LEVEL-02.jpg ,Jelena Kevic-Djurdjevic,Hugo Lam,"Michal Ivan,Hugo Lam",Legends of Runeterra
ðŸ¤‘ Client/ Set 02 - ðŸ‘ Ready to publish: TAIL OF THE DRAGON,TAIL OF THE DRAGON,"TAIL-OF-THE-DRAGON-SKETCH.jpg (https://dl.airtable.com/.attachments/a617700fa30c0ba074a2f97f95a0d84b/5df3b72f/TAIL-OF-THE-DRAGON-SKETCH.jpg),TAIL-OF-THE-DRAGON.jpg (https://dl.airtable.com/.attachments/8da766e409ec1ce6f38b4a78fa2a2a38/43af2ae6/TAIL-OF-THE-DRAGON.jpg)",TAIL-OF-THE-DRAGON-SKETCH.jpg ,Jelena Kevic-Djurdjevic,Marko Djurdjevic,"William Gist,Monika Palosz",Legends of Runeterra
ðŸ¤‘ Client/ Set 02 - ðŸ‘ Ready to publish: TERROR OF THE TIDES,TERROR OF THE TIDES,TERROR-OF-THE-TIDES.jpg (https://dl.airtable.com/.attachments/2353a93349e6070c77d5571322ed0cfe/1771376b/TERROR-OF-THE-TIDES.jpg),TERROR-OF-THE-TIDES.jpg ,Jelena Kevic-Djurdjevic,William Bao,William Bao,Legends of Runeterra
ðŸ¤‘ Client/ Set 02 - ðŸ‘ Ready to publish: THE BEAST BELOW,THE BEAST BELOW,THE-BEAST-BELOW.jpg (https://dl.airtable.com/.attachments/1c533ca94a1a50b7b9e5cf2b87615226/b8180774/THE-BEAST-BELOW.jpg),THE-BEAST-BELOW.jpg ,Jelena Kevic-Djurdjevic,Monika Palosz,"Michal Ivan,Monika Palosz",Legends of Runeterra
ðŸ¤‘ Client/ Set 02 - ðŸ‘ Ready to publish: THE DREADWAY,THE DREADWAY,"THE-DREADWAY-SKETCH.jpg (https://dl.airtable.com/.attachments/3b72af86a293be22b4b839bb9291c11f/b24994ce/THE-DREADWAY-SKETCH.jpg),THE-DREADWAY.jpg (https://dl.airtable.com/.attachments/5b1769fbdf6a827ba81f6c5e6bdc9957/b26ddaa9/THE-DREADWAY.jpg)",THE-DREADWAY-SKETCH.jpg ,Jelena Kevic-Djurdjevic,Chris Kintner,Chris Kintner,Legends of Runeterra
ðŸ¤‘ Client/ Set 02 - ðŸ‘ Ready to publish: THE LEVIATHAN,THE LEVIATHAN,"THE-LEVIATHAN-SKETCH-SKETCH.jpg (https://dl.airtable.com/.attachments/cda5ebf74dd85e65094f1b477f7a4ac5/5dccb368/THE-LEVIATHAN-SKETCH-SKETCH.jpg),THE-LEVIATHAN.jpg (https://dl.airtable.com/.attachments/e39b2acc3305e94a731afdf1bed9478b/76b3e378/THE-LEVIATHAN.jpg)",THE-LEVIATHAN-SKETCH-SKETCH.jpg ,Jelena Kevic-Djurdjevic,Chris Kintner,Chris Kintner,Legends of Runeterra
ðŸ¤‘ Client/ Set 02 - ðŸ‘ Ready to publish: THE SYREN,THE SYREN,"THE-SYREN-LEVEL-01.jpg (https://dl.airtable.com/.attachments/8a1dd5e36ac1522b0c012a1670397c68/36ab26a4/THE-SYREN-LEVEL-01.jpg),THE-SYREN.jpg (https://dl.airtable.com/.attachments/31635564ffd90ea2f87e3032970aefaa/0ea8761c/THE-SYREN.jpg)",THE-SYREN-LEVEL-01.jpg ,Jelena Kevic-Djurdjevic,Chris Kintner,Chris Kintner,Legends of Runeterra
ðŸ¤‘ Client/ Set 02 - ðŸ‘ Ready to publish: THE TUSKRAIDER,THE TUSKRAIDER,THE-TUSKRAIDER.jpg (https://dl.airtable.com/.attachments/7e1b500fd90f44b88f5933640ef02858/83b882aa/THE-TUSKRAIDER.jpg),THE-TUSKRAIDER.jpg ,Jelena Kevic-Djurdjevic,Claudiu-Antoniu Magherusan,Claudiu-Antoniu Magherusan,Legends of Runeterra
ðŸ¤‘ Client/ Set 02 - ðŸ‘ Ready to publish: TWISTED FATE LEVEL 01,TWISTED FATE LEVEL 01,TWISTED-FATE-LEVEL-01.png (https://dl.airtable.com/.attachments/0d22e3eaaa5a67e590093b7b1fa5e67c/80db30b3/TWISTED-FATE-LEVEL-01.png),TWISTED-FATE-LEVEL-01.png ,Jelena Kevic-Djurdjevic,Maki Planas Mata,"Valentin Gloaguen,Alessandro Poli,Maki Planas Mata,Gerald Parel",Legends of Runeterra
ðŸ¤‘ Client/ Set 02 - ðŸ‘ Ready to publish: TWISTED FATE LEVEL 02,TWISTED FATE LEVEL 02,TWISTED-FATE-LEVEL-02.jpg (https://dl.airtable.com/.attachments/4d18174c3ba02a1612d20559c46fbfab/e925e25c/TWISTED-FATE-LEVEL-02.jpg),TWISTED-FATE-LEVEL-02.jpg ,Jelena Kevic-Djurdjevic,Chris Kintner,"Valentin Gloaguen,Monika Palosz,Chris Kintner,William Gist,Gerald Parel,Nico Lee Lazarus",Legends of Runeterra
ðŸ¤‘ Client/ Set 02 - ðŸ‘ Ready to publish: VALOR,VALOR,"VALOR.jpg (https://dl.airtable.com/.attachments/8174fd55ea4393890d986197bbbbe092/262b35f7/VALOR.jpg),VALOR-SKETCH.jpg (https://dl.airtable.com/.attachments/b92219bf9feea11fc586e64e1575ad13/39a6a08c/VALOR-SKETCH.jpg)",VALOR.jpg ,Jelena Kevic-Djurdjevic,Monika Palosz,"Monika Palosz,William Gist",Legends of Runeterra
ðŸ¤‘ Client/ Set 02 - ðŸ‘ Ready to publish: VETERAN INVESTIGATOR,VETERAN INVESTIGATOR,"VETERAN-INVESTIGATOR-SKETCH.jpg (https://dl.airtable.com/.attachments/ea121d2d09b294dee24ee41cec8c394d/41871534/VETERAN-INVESTIGATOR-SKETCH.jpg),VETERAN-INVESTIGATOR.jpg (https://dl.airtable.com/.attachments/d3bc5d71404b0d428f8e27d70bc642fc/7f5c93c3/VETERAN-INVESTIGATOR.jpg)",VETERAN-INVESTIGATOR-SKETCH.jpg ,Jelena Kevic-Djurdjevic,Gerald Parel,"William Bao,Gerald Parel",Legends of Runeterra
ðŸ¤‘ Client/ Set 02 - ðŸ‘ Ready to publish: VI LEVEL 01,VI LEVEL 01,"VI-LEVEL-01-SKETCH.jpg (https://dl.airtable.com/.attachments/8d58d71ba230418fa7ba3b3ce3c3f19d/3ab5edc3/VI-LEVEL-01-SKETCH.jpg),VI-LEVEL-01.jpg (https://dl.airtable.com/.attachments/9679c692ee4f4cd8ec6197d8ff6b2a6e/fe4b3c0c/VI-LEVEL-01.jpg)",VI-LEVEL-01-SKETCH.jpg ,Jelena Kevic-Djurdjevic,Gerald Parel,"Claudiu-Antoniu Magherusan,Monika Palosz,Gerald Parel",Legends of Runeterra
ðŸ¤‘ Client/ Set 02 - ðŸ‘ Ready to publish: VI LEVEL 02,VI LEVEL 02,"VI-LEVEL-02-SKETCH.jpg (https://dl.airtable.com/.attachments/c342101d86e0eef37cd044ed149132c2/5d4327a3/VI-LEVEL-02-SKETCH.jpg),VI-LEVEL-02.jpg (https://dl.airtable.com/.attachments/c3f92078e3e89a458e9bc8e30a943964/1bf40d8e/VI-LEVEL-02.jpg)",VI-LEVEL-02-SKETCH.jpg ,Jelena Kevic-Djurdjevic,Claudiu-Antoniu Magherusan,Claudiu-Antoniu Magherusan,Legends of Runeterra
ðŸ¤‘ Client/ Set 02 - ðŸ‘ Ready to publish: VICIOUS PLATEWYRM,VICIOUS PLATEWYRM,"VICIOUS-PLATEWYRM-SKETCH.jpg (https://dl.airtable.com/.attachments/869ed9f8e0a41aefaa181c2849beb838/201fea2c/VICIOUS-PLATEWYRM-SKETCH.jpg),VICIOUS-PLATEWYRM.jpg (https://dl.airtable.com/.attachments/3e5d5e47ee624276a63f49a6017ed578/4dd9f46a/VICIOUS-PLATEWYRM.jpg)",VICIOUS-PLATEWYRM-SKETCH.jpg ,Jelena Kevic-Djurdjevic,William Bao,"Michal Ivan,Monika Palosz,William Bao",Legends of Runeterra
ðŸ¤‘ Client/ Set 02 - ðŸ‘ Ready to publish: YORDLE HUSTLER,YORDLE HUSTLER,YORDLE-GRIFTER.jpg (https://dl.airtable.com/.attachments/6c06105994e06218d7d2a166106e3059/62661bb7/YORDLE-GRIFTER.jpg),YORDLE-GRIFTER.jpg ,Jelena Kevic-Djurdjevic,Gerald Parel,"Monika Palosz,Hugo Lam",Legends of Runeterra